label	module	line	col	root	first	fn_tags
control	scripts/m1.ts	1	3	param	1	files
control	scripts/m2.ts	2	3	module	1	
control	scripts/m3.ts	3	3	param	1	
control	scripts/m4.ts	4	3	module	1	files
control	scripts/m5.ts	5	3	param	1	
control	scripts/m6.ts	6	3	module	1	
control	scripts/m7.ts	7	3	param	1	files
control	scripts/m8.ts	8	3	module	1	
control	scripts/m9.ts	9	3	param	1	
control	scripts/m1.ts	10	3	module	1	files
control	scripts/m2.ts	11	3	param	1	
control	scripts/m3.ts	12	3	module	1	
control	scripts/m4.ts	13	3	param	1	files
control	scripts/m5.ts	14	3	module	1	
control	scripts/m6.ts	15	3	param	1	
control	scripts/m7.ts	16	3	module	1	files
control	scripts/m8.ts	17	3	param	1	
control	scripts/m9.ts	18	3	module	1	
control	scripts/m1.ts	19	3	param	1	files
control	scripts/m2.ts	20	3	module	1	
control	scripts/m3.ts	21	3	param	1	
control	scripts/m4.ts	22	3	module	1	files
control	scripts/m5.ts	23	3	param	1	
control	scripts/m6.ts	24	3	module	1	
control	scripts/m7.ts	25	3	param	1	files
control	scripts/m8.ts	26	3	module	1	
control	scripts/m9.ts	27	3	param	1	
control	scripts/m1.ts	28	3	module	1	files
control	scripts/m2.ts	29	3	param	1	
control	scripts/m3.ts	30	3	module	1	
control	scripts/m4.ts	31	3	param	1	files
control	scripts/m5.ts	32	3	module	1	
control	scripts/m6.ts	33	3	param	1	
control	scripts/m7.ts	34	3	module	1	files
control	scripts/m8.ts	35	3	param	1	
control	scripts/m9.ts	36	3	module	1	
control	scripts/m1.ts	37	3	param	1	files
control	scripts/m2.ts	38	3	module	1	
control	scripts/m3.ts	39	3	param	1	
control	scripts/m4.ts	40	3	module	1	files
control	scripts/m5.ts	41	3	param	1	
control	scripts/m6.ts	42	3	module	1	
control	scripts/m7.ts	43	3	param	1	files
control	scripts/m8.ts	44	3	module	1	
control	scripts/m9.ts	45	3	param	1	
control	scripts/m1.ts	46	3	module	1	files
control	scripts/m2.ts	47	3	param	1	
control	scripts/m3.ts	48	3	module	1	
control	scripts/m4.ts	49	3	param	1	files
control	scripts/m5.ts	50	3	module	1	
control	scripts/m6.ts	51	3	param	1	
control	scripts/m7.ts	52	3	module	1	files
control	scripts/m8.ts	53	3	param	1	
control	scripts/m9.ts	54	3	module	1	
control	scripts/m1.ts	55	3	param	1	files
control	scripts/m2.ts	56	3	module	1	
control	scripts/m3.ts	57	3	param	1	
control	scripts/m4.ts	58	3	module	1	files
control	scripts/m5.ts	59	3	param	1	
control	scripts/m6.ts	60	3	module	1	
control	scripts/m7.ts	61	3	param	1	files
control	scripts/m8.ts	62	3	module	1	
control	scripts/m9.ts	63	3	param	1	
control	scripts/m1.ts	64	3	module	1	files
control	scripts/m2.ts	65	3	param	1	
control	scripts/m3.ts	66	3	module	1	
control	scripts/m4.ts	67	3	param	1	files
control	scripts/m5.ts	68	3	module	1	
control	scripts/m6.ts	69	3	param	1	
control	scripts/m7.ts	70	3	module	1	files
control	scripts/m8.ts	71	3	param	1	
control	scripts/m9.ts	72	3	module	1	
control	scripts/m1.ts	73	3	param	1	files
control	scripts/m2.ts	74	3	module	1	
control	scripts/m3.ts	75	3	param	1	
control	scripts/m4.ts	76	3	module	1	files
control	scripts/m5.ts	77	3	param	1	
control	scripts/m6.ts	78	3	module	1	
control	scripts/m7.ts	79	3	param	1	files
control	scripts/m8.ts	80	3	module	1	
control	scripts/m9.ts	81	3	param	1	
control	scripts/m1.ts	82	3	module	1	files
control	scripts/m2.ts	83	3	param	1	
control	scripts/m3.ts	84	3	module	1	
control	scripts/m4.ts	85	3	param	1	files
control	scripts/m5.ts	86	3	module	1	
control	scripts/m6.ts	87	3	param	1	
control	scripts/m7.ts	88	3	module	1	files
control	scripts/m8.ts	89	3	param	1	
control	scripts/m9.ts	90	3	module	1	
