run	round	snapshot	modules	flagged	page	flagged-all	agree
202	1	3abedd7	5	10	10	324	yes
202	2	b8056c9	5	10	10	325	yes
202	3	4fcdacf	5	10	10	325	yes
202	4	41f2b00	5	10	10	325	yes
202	5	665a99f	5	10	10	325	yes
202	6	9c76b50	5	10	10	325	yes
202	7	47e43ca	5	10	10	325	yes
202	8	092e163	5	10	10	317	yes
202	9	dec1100	5	10	10	317	yes
216	1	dab3bea	6	17	15	338	yes
216	2	16b8ea6	6	17	15	338	yes
216	3	26ba0d0	6	17	15	338	yes
216	4	cbd0384	6	17	15	343	yes
252	1	a793251	5	10	10	308	yes
252	2	e6ba844	5	10	10	309	yes
252	3	d2a5e88	5	10	10	309	yes
268	1	8fe7775	8	14	14	315	yes
268	2	7e07807	8	14	14	315	yes
268	3	b0f7d8a	8	14	14	315	yes
