commit	label	modules	lines	functions	first	param	import	module	global	this	captured	every	local	temp
3abedd7	202 r1	67	45741	2669	330	80	0	42	31	32	145	3179	2764	85
b8056c9	202 r2	67	45946	2681	333	80	0	42	31	32	148	3197	2779	85
4fcdacf	202 r3	67	46019	2686	333	80	0	42	31	32	148	3198	2780	85
41f2b00	202 r4	67	46042	2687	333	80	0	42	31	32	148	3199	2781	85
665a99f	202 r5	67	46097	2690	339	80	0	42	31	32	154	3209	2785	85
9c76b50	202 r6	67	46123	2692	339	80	0	42	31	32	154	3212	2788	85
47e43ca	202 r7	67	46134	2693	339	80	0	42	31	32	154	3212	2788	85
092e163	202 r8	67	45474	2653	323	80	0	42	28	32	141	3112	2704	85
dec1100	202 r9	67	45476	2653	323	80	0	42	28	32	141	3112	2704	85
dab3bea	216 r1	76	48205	3025	409	83	0	67	28	56	175	3863	3361	93
16b8ea6	216 r2	76	48311	3032	409	83	0	67	28	56	175	3912	3410	93
26ba0d0	216 r3	76	48358	3036	409	83	0	67	28	56	175	3930	3428	93
cbd0384	216 r4	76	48404	3037	422	83	0	75	33	56	175	3949	3434	93
a793251	252 r1	66	45390	2647	328	78	0	42	28	32	148	3136	2721	87
e6ba844	252 r2	66	45568	2653	328	78	0	42	28	32	148	3151	2736	87
d2a5e88	252 r3	66	45672	2658	331	78	0	42	28	32	151	3165	2747	87
8fe7775	268 r1	68	45049	2628	327	78	0	42	30	32	145	3125	2716	82
7e07807	268 r2	68	45180	2636	331	78	0	42	30	32	149	3145	2732	82
b0f7d8a	268 r3	68	45396	2652	333	80	0	42	30	32	149	3171	2756	82
67d4ae255b4961140de3452139c2908d13520298	main	79	52522	3082	360	81	0	44	37	32	166	3511	3053	98
