key	run	round	sev	location	snapshot	kind	in_scope	holder	holder_lines	tied	first_here	first_within	every_here	every_within	places_here	holder_tags	file_share_first	file_share_within_first	file_share_every	description
202/bug-1	202	1	P1	scripts/reach.ts:693	3abedd7	ts-line	yes	commandTouches > add	671-713	1	2	2	2	2	681:captured:push 703:captured:push		0.0656	0.3302	0.6692	refusal attribution hides a successful write beside a denial
202/bug-2	202	1	P1	scripts/reach.ts:374	3abedd7	ts-line	yes	splitShell	374-434	1	0	0	23	23	379:local:++(second only) 382:local:+=(second only) 383:local:=(second only) 387:local:+=(second only) 392:local:=(second only) 393:local:+=(second only) 397:local:=(second only) 401:local:=(second only) 402:local:=(second only) 406:local:push(second only) 407:local:=(second only) 410:local:+=(second only) 411:local:++(second only) 413:local:++(second only) 415:local:--(second only) 418:local:+=(second only) 420:local:push(second only) 421:local:--(second only) 425:local:push(second only) 426:local:=(second only) 427:local:++(second only) 430:local:+=(second only) 432:local:push(second only)		0.0656	0.3302	0.6692	a write after a newline reads as a read
202/sec-1	202	1	P1	scripts/reach.ts:1639	3abedd7	ts-line	yes	restoreRound	1589-1674	1	0	0	2	2	1595:temp:sort(second only) 1639:temp:sort(second only)	files	0.0656	0.3302	0.6692	restore resets unmoved branches and wipes uncommitted work
202/bug-3	202	1	P2	scripts/reach.ts:727	3abedd7	ts-line	yes	commandTouches	658-896	1	0	2	37	39	722:local:=(second only) 723:local:++(second only) 729:local:=(second only) 742:local:=(second only) 743:local:=(second only) 746:local:=(second only) 747:local:=(second only) 755:local:=(second only) 756:local:=(second only) 757:local:=(second only) 758:local:+=(second only) 765:local:=(second only) 766:local:=(second only) 768:local:=(second only) 769:local:=(second only) 772:local:+=(second only) 776:local:=(second only) 777:local:=(second only) 778:local:++(second only) 782:local:=(second only) 783:local:=(second only) 784:local:++(second only) 788:local:++(second only) 791:local:=(second only) 792:local:++(second only) 804:local:push(second only) 808:local:push(second only) 812:local:push(second only) 819:local:push(second only) 824:local:push(second only) 856:local:++(second only) 859:local:add(second only) 860:local:++(second only) 862:local:add(second only) 863:local:++(second only) 889:local:=(second only) 890:local:=(second only)		0.0656	0.3302	0.6692	bare cd and cd under an environment variable ignored
202/bug-4	202	1	P2	scripts/reach.ts:733	3abedd7	ts-line	yes	commandTouches	658-896	1	0	2	37	39	722:local:=(second only) 723:local:++(second only) 729:local:=(second only) 742:local:=(second only) 743:local:=(second only) 746:local:=(second only) 747:local:=(second only) 755:local:=(second only) 756:local:=(second only) 757:local:=(second only) 758:local:+=(second only) 765:local:=(second only) 766:local:=(second only) 768:local:=(second only) 769:local:=(second only) 772:local:+=(second only) 776:local:=(second only) 777:local:=(second only) 778:local:++(second only) 782:local:=(second only) 783:local:=(second only) 784:local:++(second only) 788:local:++(second only) 791:local:=(second only) 792:local:++(second only) 804:local:push(second only) 808:local:push(second only) 812:local:push(second only) 819:local:push(second only) 824:local:push(second only) 856:local:++(second only) 859:local:add(second only) 860:local:++(second only) 862:local:add(second only) 863:local:++(second only) 889:local:=(second only) 890:local:=(second only)		0.0656	0.3302	0.6692	the git block misses escapes (branch and tag names, dropped operands, redirects off git)
202/bug-5	202	1	P2	scripts/reach.ts:886	3abedd7	ts-line	yes	commandTouches	658-896	1	0	2	37	39	722:local:=(second only) 723:local:++(second only) 729:local:=(second only) 742:local:=(second only) 743:local:=(second only) 746:local:=(second only) 747:local:=(second only) 755:local:=(second only) 756:local:=(second only) 757:local:=(second only) 758:local:+=(second only) 765:local:=(second only) 766:local:=(second only) 768:local:=(second only) 769:local:=(second only) 772:local:+=(second only) 776:local:=(second only) 777:local:=(second only) 778:local:++(second only) 782:local:=(second only) 783:local:=(second only) 784:local:++(second only) 788:local:++(second only) 791:local:=(second only) 792:local:++(second only) 804:local:push(second only) 808:local:push(second only) 812:local:push(second only) 819:local:push(second only) 824:local:push(second only) 856:local:++(second only) 859:local:add(second only) 860:local:++(second only) 862:local:add(second only) 863:local:++(second only) 889:local:=(second only) 890:local:=(second only)		0.0656	0.3302	0.6692	the shell-group rewrite flips inside reads to notes
202/bug-6	202	1	P2	scripts/reach.ts:309	3abedd7	ts-line	yes	normalPath	262-325	1	0	0	3	3	278:local:push(second only) 280:local:push(second only) 281:local:push(second only)	env	0.0656	0.3302	0.6692	reads outside the home directory and the project not exempt, and tool-checkout and brief reads unreachable
202/bug-11	202	1	P2	scripts/landing.ts:420	3abedd7	ts-line	yes	reachBlock	356-426	1	0	0	11	11	361:local:set(second only) 366:local:add(second only) 373:local:add(second only) 377:temp:sort(second only) 385:local:push(second only) 389:local:push(second only) 390:local:push(second only) 397:local:push(second only) 403:local:push(second only) 409:local:push(second only) 422:local:push(second only)	files	0.0000	0.0000	0.4429	hostile filenames break the card block
202/sec-2	202	1	P2	scripts/reach.ts:752	3abedd7	ts-line	yes	commandTouches	658-896	1	0	2	37	39	722:local:=(second only) 723:local:++(second only) 729:local:=(second only) 742:local:=(second only) 743:local:=(second only) 746:local:=(second only) 747:local:=(second only) 755:local:=(second only) 756:local:=(second only) 757:local:=(second only) 758:local:+=(second only) 765:local:=(second only) 766:local:=(second only) 768:local:=(second only) 769:local:=(second only) 772:local:+=(second only) 776:local:=(second only) 777:local:=(second only) 778:local:++(second only) 782:local:=(second only) 783:local:=(second only) 784:local:++(second only) 788:local:++(second only) 791:local:=(second only) 792:local:++(second only) 804:local:push(second only) 808:local:push(second only) 812:local:push(second only) 819:local:push(second only) 824:local:push(second only) 856:local:++(second only) 859:local:add(second only) 860:local:++(second only) 862:local:add(second only) 863:local:++(second only) 889:local:=(second only) 890:local:=(second only)		0.0656	0.3302	0.6692	git configuration values never skipped
202/sec-3	202	1	P2	scripts/reach.ts:803	3abedd7	ts-line	yes	commandTouches	658-896	1	0	2	37	39	722:local:=(second only) 723:local:++(second only) 729:local:=(second only) 742:local:=(second only) 743:local:=(second only) 746:local:=(second only) 747:local:=(second only) 755:local:=(second only) 756:local:=(second only) 757:local:=(second only) 758:local:+=(second only) 765:local:=(second only) 766:local:=(second only) 768:local:=(second only) 769:local:=(second only) 772:local:+=(second only) 776:local:=(second only) 777:local:=(second only) 778:local:++(second only) 782:local:=(second only) 783:local:=(second only) 784:local:++(second only) 788:local:++(second only) 791:local:=(second only) 792:local:++(second only) 804:local:push(second only) 808:local:push(second only) 812:local:push(second only) 819:local:push(second only) 824:local:push(second only) 856:local:++(second only) 859:local:add(second only) 860:local:++(second only) 862:local:add(second only) 863:local:++(second only) 889:local:=(second only) 890:local:=(second only)		0.0656	0.3302	0.6692	refs named by git reads counted as writes
202/sec-4	202	1	P2	scripts/reach.ts:1629	3abedd7	ts-line	yes	restoreRound	1589-1674	1	0	0	2	2	1595:temp:sort(second only) 1639:temp:sort(second only)	files	0.0656	0.3302	0.6692	reset climbs when the synthesis metadata is missing
202/style-1	202	1	P2	scripts/reach.ts:488	3abedd7	ts-line	yes	unwrapShell	488-496	1	0	0	0	0			0.0656	0.3302	0.6692	quoted shell text misread as a redirect (a gating defect reported under the style lens)
202/bug-14	202	2	P2	scripts/reach.ts:1819	b8056c9	ts-line	yes	restoreRound	1778-1868	1	0	0	2	2	1785:temp:sort(second only) 1827:temp:sort(second only)	files	0.0595	0.3646	0.6584	git subprocesses honor inherited directory overrides
202/bug-15	202	2	P2	scripts/reach.ts:458	b8056c9	ts-line	yes	splitShell	421-492	1	0	1	24	25	429:local:++(second only) 432:local:+=(second only) 433:local:=(second only) 437:local:+=(second only) 442:local:+=(second only) 443:local:=(second only) 444:local:+=(second only) 448:local:+=(second only) 449:local:=(second only) 453:local:+=(second only) 454:local:=(second only) 455:local:=(second only) 461:local:=(second only) 464:local:+=(second only) 465:local:++(second only) 467:local:++(second only) 469:local:--(second only) 472:local:+=(second only) 474:local:push(second only) 475:local:--(second only) 483:local:=(second only) 484:local:++(second only) 485:local:++(second only) 488:local:+=(second only)		0.0595	0.3646	0.6584	substitutions inside double quotes skipped
202/bug-16	202	2	P2	scripts/reach.ts:1484	b8056c9	ts-line	yes	roundChanges	1435-1543	1	0	0	11	11	1446:temp:sort(second only) 1449:local:push(second only) 1453:local:push(second only) 1468:local:push(second only) 1498:local:add(second only) 1528:local:=(second only) 1529:local:push(second only) 1536:local:=(second only) 1537:local:=(second only) 1538:local:push(second only) 1539:local:=(second only)		0.0595	0.3646	0.6584	a rider claims file changes its move did not produce
202/bug-17	202	2	P2	scripts/landing.ts:431	b8056c9	ts-line	yes	reachBlock	366-436	1	0	0	11	11	371:local:set(second only) 376:local:add(second only) 383:local:add(second only) 387:temp:sort(second only) 395:local:push(second only) 399:local:push(second only) 400:local:push(second only) 407:local:push(second only) 413:local:push(second only) 419:local:push(second only) 432:local:push(second only)	files	0.0000	0.0000	0.4374	the card reason is not escaped
202/bug-21	202	3	P2	scripts/reach.ts:595	4fcdacf	ts-line	yes	redirectTargets	587-610	1	0	0	5	5	590:local:++(second only) 593:local:push(second only) 594:local:++(second only) 605:local:push(second only) 606:local:++(second only)		0.0576	0.3586	0.6549	descriptor-duplication redirects invent a path write
202/bug-22	202	3	P2	scripts/reach.ts:1845	4fcdacf	ts-line	yes	restoreRound	1844-1932	1	0	0	2	2	1851:temp:sort(second only) 1891:temp:sort(second only)	files	0.0576	0.3586	0.6549	restore faults instead of reattaching a detached synthesis worktree
202/bug-23	202	3	P2	scripts/reach.ts:804	4fcdacf	ts-line	yes	parseTaskFile	802-806	1	0	0	0	0			0.0576	0.3586	0.6549	an unreadable task transcript still counts as checked
202/bug-26	202	4	P1	scripts/reach.ts:430	41f2b00	ts-line	yes	outerWrites	425-432	1	0	0	0	0			0.0570	0.3557	0.6555	a write redirect onto a substitution target reads as a read
202/bug-27	202	4	P1	scripts/reach.ts:378	41f2b00	ts-line	yes	expandPath	377-390	1	0	0	5	5	382:local:=(second only) 384:local:=(second only) 385:local:=(second only) 386:local:=(second only) 388:local:=(second only)	env,os	0.0570	0.3557	0.6555	a write or delete under a glob or an unset variable reads clean
202/bug-30	202	5	P2	scripts/reach.ts:1173	665a99f	ts-line	yes	directCallTouches	1131-1201	1	0	0	6	6	1155:local:push(second only) 1156:local:push(second only) 1164:local:=(second only) 1165:local:push(second only) 1176:local:push(second only) 1189:local:push(second only)		0.0680	0.3667	0.6568	file tools drop a path holding a variable or a glob
202/bug-33	202	5	P2	scripts/reach.ts:415	665a99f	ts-line	yes	maybeWritePath	415-417	1	0	0	0	0			0.0680	0.3667	0.6568	a bare write operand is dropped
202/bug-35	202	5	P2	scripts/landing.ts:418	665a99f	ts-line	yes	reachBlock	366-436	1	0	0	11	11	371:local:set(second only) 376:local:add(second only) 383:local:add(second only) 387:temp:sort(second only) 395:local:push(second only) 399:local:push(second only) 400:local:push(second only) 407:local:push(second only) 413:local:push(second only) 419:local:push(second only) 432:local:push(second only)	files	0.0000	0.0000	0.4374	the card prints a not-checked reason as the lane wrote it
202/bug-36	202	5	P2	skills/postmaster/coachman.md:943	665a99f	runbook	n/a													the round reach step restores after a faulted check
202/bug-39	202	6	P2	scripts/reach.ts:392	9c76b50	ts-line	yes	isPathToken	392-409	1	0	0	0	0		files	0.0676	0.3643	0.6571	ordinary commands with patterns read not checked
202/bug-46	202	7	P1	scripts/reach.ts:515	47e43ca	ts-line	yes	splitShell	477-542	1	0	1	19	20	485:local:++(second only) 488:local:+=(second only) 489:local:=(second only) 493:local:+=(second only) 499:local:+=(second only) 500:local:=(second only) 501:local:+=(second only) 505:local:+=(second only) 506:local:=(second only) 510:local:+=(second only) 511:local:=(second only) 512:local:=(second only) 519:local:=(second only) 521:local:push(second only) 522:local:=(second only) 533:local:=(second only) 534:local:++(second only) 535:local:++(second only) 538:local:+=(second only)		0.0673	0.3655	0.6538	a substitution split hides writes
202/bug-47	202	7	P2	scripts/reach.ts:1083	47e43ca	ts-line	yes	commandTouches > callback of paths.slice(0, -1).forEach	1083-1083	1	0	0	0	0			0.0673	0.3655	0.6538	cp roles confused under substitution
202/bug-49	202	7	P2	scripts/reach.ts:1075	47e43ca	ts-line	yes	commandTouches > callback of words.some	1075-1075	1	0	0	0	0			0.0673	0.3655	0.6538	the sed long in-place form missed
202/bug-50	202	7	P2	scripts/reach.ts:225	47e43ca	ts-line	yes	pathFromBrief	216-241	1	0	0	2	2	233:local:=(second only) 237:local:=(second only)	files	0.0673	0.3655	0.6538	a repository path with a space faults every check
202/bug-51	202	7	P2	scripts/reach.ts:2018	47e43ca	ts-line	yes	restoreRound	1936-2034	1	0	0	2	2	1945:temp:sort(second only) 2006:temp:sort(second only)	files	0.0673	0.3655	0.6538	restore faults on a deleted run branch
202/bug-53	202	8	P2	scripts/reach.ts	092e163	no-line	n/a													the card prints unresolved non-absolute paths verbatim (found under the security lens, below that lane's own reporting threshold, verified by the coachman)
202/bug-57	202	9	P2	scripts/reach.ts	dec1100	no-line	n/a													the synthesis guard passes a symlinked worktree and restore then resets the main checkout
202/bug-58	202	9	P2	scripts/reach.ts	dec1100	no-line	n/a													only the first tied reviewer is voided
216/bug-1	216	1	P1	scripts/scrub-core.ts:826	dab3bea	ts-line	yes	detectLine	820-842	1	0	0	2	2	838:local:set(second only) 839:temp:sort(second only)		0.2420	0.6604	0.5174	PATTERN_CODE skips whole line, const-EMAIL-plus-address passes gate
216/bug-2	216	1	P2	scripts/landing.ts:497	dab3bea	ts-line	yes	checkPrivateDataCard	491-503	1	0	0	0	0			0.0000	0.0000	0.4247	card scan inherits SCRUB_CHECK_DISABLE via run env merge; same hole in scrub-rewrite.ts parseFindings
216/bug-3	216	1	P2	scripts/raw-promote-main.ts:345	dab3bea	ts-line	yes	main	305-386	1	0	0	8	8	326:local:=(second only) 335:local:add(second only) 336:local:push(second only) 352:local:push(second only) 353:local:push(second only) 360:local:push(second only) 362:local:push(second only) 379:local:sort(second only)	files	0.1293	0.3588	0.8285	symlinked dest ancestor escapes repo on mkdir+rename
216/bug-4	216	1	P2	scripts/bundle-scrub.ts:92	dab3bea	ts-line	yes	main	82-102	1	0	0	1	1	95:local:=(second only)		0.0000	0.0000	0.5258	--check passes edited bundle body on matching header hash
216/bug-5	216	1	P2	scripts/landing.ts:484	dab3bea	ts-line	yes	privateDataBlock	426-489	1	0	0	7	7	432:local:set(second only) 445:local:set(second only) 448:temp:sort(second only) 471:local:add(second only) 472:local:set(second only) 473:local:set(second only) 480:temp:sort(second only)		0.0000	0.0000	0.4247	privateDataBlock freezes heldout scores + D1/D8/D9/D19 into every future card, check requires verbatim match
216/bug-7	216	2	P2	scripts/scrub-core.ts:1514	16b8ea6	ts-line	yes	childLines > emit	1514-1518	1	0	0	0	0			0.2301	0.6320	0.5345	range scan misses UTF-16 content that --files finds
216/bug-9	216	3	P2	scripts/landing.ts:475	26ba0d0	ts-line	yes	privateDataBlock	426-489	1	0	0	7	7	432:local:set(second only) 445:local:set(second only) 448:temp:sort(second only) 471:local:add(second only) 472:local:set(second only) 473:local:set(second only) 480:temp:sort(second only)		0.0000	0.0000	0.4230	block generator dies over 50 census suspects, accepted 236-line census unrepresentable, card step blocked
216/bug-10	216	3	P2	scripts/raw-promote-main.ts:53	26ba0d0	ts-line	yes	(module)	(module)	1	0	3	0	56		files	0.1250	0.3469	0.8342	ambient DISABLE turns promote scrub into straight copy; same hole in tree-check entry, gate chain, runbook scan commands
216/bug-11	216	3	P2	scripts/tree-check.ts:28	26ba0d0	ts-line	yes	hasReasoning	27-49	1	0	0	0	0			0.0000	0.0000	0.6186	hasReasoning depth-64 fail-open, 66-deep encrypted_content passes tree gate
216/bug-12	216	3	P2	scripts/raw-promote-main.ts:276	26ba0d0	ts-line	yes	writeScrubbed	258-291	1	1	1	5	5	268:local:push(second only) 270:local:=(second only) 274:local:push(second only) 275:module:= 276:local:=(second only)	files	0.1250	0.3469	0.8342	marker strip eats closing JSON syntax, malformed record promoted exit 0
216/bug-14	216	4	P2	scripts/scrub-core.ts:700	cbd0384	ts-line	yes	tokenFindings	634-782	1	3	3	12	12	674:module:= 676:local:=(second only) 703:module:= 715:module:= 753:local:=(second only) 754:local:=(second only) 755:local:=(second only) 764:local:=(second only) 765:local:=(second only) 769:local:=(second only) 772:local:=(second only) 775:local:=(second only)		0.2259	0.6203	0.5457	MAIL.test on /g/ regex without reset, successive bare key fields miss key intermittently
216/bug-15	216	4	P2	scripts/raw-promote-main.ts:169	cbd0384	ts-line	yes	transformReasoning	133-178	1	0	1	4	5	169:local:=(second only) 170:local:++(second only) 173:local:=(second only) 174:local:+=(second only)		0.4466	0.6578	0.8180	placeholder keeps encrypted_content field, tree-check flags presence, success promotion fails gate
216/bug-16	216	4	P2	scripts/tree-check.ts:89	cbd0384	ts-line	yes	scanBlob	65-108	1	0	0	6	6	84:local:++(second only) 89:local:push(second only) 95:local:=(second only) 98:local:push(second only) 102:local:push(second only) 104:local:push(second only)		0.0905	0.2143	0.8143	reasoning findings never call logFinding in tree-check or promote, TELL and card blind to the class
216/bug-17	216	4	P2	scripts/scrub-check-main.ts:654	cbd0384	ts-line	yes	prDescription	647-663	1	0	0	2	2	653:local:push(second only) 660:local:sort(second only)		0.1001	0.3135	0.7576	pr-description/card scans log draft rows, TELL fires, block dies without resolution, landing stuck
216/sec-2	216	4	P2	scripts/scrub-rewrite.ts:319	cbd0384	ts-line	yes	main	292-426	1	1	1	8	8	294:global:delete 323:temp:push(second only) 322:local:set(second only) 332:temp:add(second only) 332:local:set(second only) 343:local:push(second only) 383:local:set(second only) 384:local:set(second only)	env,files	0.3453	0.4892	0.5444	raw path in manual-reword refusal prints finding value, violates rule 10 and C10
216/sec-3	216	4	P2	scripts/scrub-rewrite.ts:201	cbd0384	ts-line	yes	originalCommitMetadata	174-203	1	0	0	0	0			0.3453	0.4892	0.5444	show %B appends newline, every recreated commit gets a new id, pushed untouched commits rewritten, C18 broken
216/sec-4	216	4	P2	scripts/bundle-scrub.ts:52	cbd0384	ts-line	yes	embedded	43-53	1	0	0	0	0		files	0.0000	0.0000	0.5049	header line 2 and unanchored pattern outside body digest, injected code passes --check and runs
252/bug-1	252	1	P1	scripts/aftercare.ts:413	a793251	ts-line	yes	untrackedTarBytes	402-414	1	0	0	0	0			0.0390	0.4935	0.5936	tar and git byte outputs decoded as UTF-8 corrupt saves of non-UTF8 files, then the folder is removed
252/bug-2	252	1	P1	scripts/aftercare.ts:821	a793251	ts-line	yes	stopPreview	782-881	1	0	0	1	1	870:local:=(second only)	clock,files	0.0390	0.4935	0.5936	a reused pid with an overwritten registry record passes the start check, signalling another launch's group
252/bug-3	252	1	P2	scripts/aftercare.ts:1150	a793251	ts-line	yes	mainFlow	934-1548	1	0	6	64	71	1041:temp:pop(second only) 1042:local:push(second only) 1086:local:++(second only) 1091:local:=(second only) 1127:local:=(second only) 1131:local:push(second only) 1133:local:push(second only) 1136:local:push(second only) 1148:local:push(second only) 1150:local:set(second only) 1151:local:push(second only) 1158:local:push(second only) 1160:local:=(second only) 1161:local:=(second only) 1167:local:=(second only) 1172:local:=(second only) 1173:local:=(second only) 1180:local:=(second only) 1181:local:=(second only) 1186:local:=(second only) 1187:local:=(second only) 1194:local:=(second only) 1195:local:=(second only) 1201:local:=(second only) 1205:local:=(second only) 1207:local:=(second only) 1208:local:=(second only) 1213:local:=(second only) 1214:local:=(second only) 1218:local:=(second only) 1220:local:=(second only) 1237:local:push(second only) 1249:local:push(second only) 1253:local:push(second only) 1255:local:push(second only) 1262:local:push(second only) 1285:local:=(second only) 1288:local:push(second only) 1297:local:push(second only) 1310:local:push(second only) 1332:local:push(second only) 1333:local:push(second only) 1336:local:=(second only) 1339:local:push(second only) 1341:local:push(second only) 1354:local:push(second only) 1377:local:push(second only) 1384:local:=(second only) 1386:local:push(second only) 1392:local:push(second only) 1422:local:push(second only) 1431:local:=(second only) 1433:local:push(second only) 1435:local:push(second only) 1452:local:push(second only) 1456:local:=(second only) 1463:local:push(second only) 1467:local:=(second only) 1473:local:=(second only) 1476:local:=(second only) 1478:local:push(second only) 1520:local:push(second only) 1525:local:push(second only) 1533:local:push(second only)	files	0.0390	0.4935	0.5936	preview left with synthesis already gone still closes the run and exits 0
252/bug-4	252	1	P2	scripts/aftercare.ts:335	a793251	ts-line	yes	folderSet	296-354	1	0	1	8	9	313:local:=(second only) 316:local:=(second only) 333:local:add(second only) 336:local:=(second only) 338:local:=(second only) 344:local:add(second only) 345:local:add(second only) 352:temp:sort(second only)	files	0.0390	0.4935	0.5936	.worktrees read errors treated as empty, silently omitting unscanned folders
252/bug-5	252	1	P2	scripts/aftercare.ts:888	a793251	ts-line	yes	runLogHas	885-892	1	0	0	0	0		files	0.0390	0.4935	0.5936	substring run-log check skips the closing line and faults a wordless rerun of a closed run
252/bug-14	252	2	P2	scripts/aftercare.ts:459	e6ba844	ts-line	yes	savePresence	452-468	1	0	0	0	0			0.0351	0.4842	0.6082	dirty submodule contents invisible to the save and deleted with the worktree
252/bug-15	252	2	P2	scripts/aftercare.ts:503	e6ba844	ts-line	yes	commitPatchBytes	497-527	1	0	0	2	2	514:temp:reverse(second only) 524:local:push(second only)		0.0351	0.4842	0.6082	format-patch omits unbranched merges, losing their resolutions on removal
252/bug-16	252	2	P2	scripts/aftercare.ts:1336	e6ba844	ts-line	yes	mainFlow	1059-1726	1	0	6	70	77	1166:temp:pop(second only) 1167:local:push(second only) 1201:local:++(second only) 1206:local:=(second only) 1242:local:=(second only) 1245:local:=(second only) 1246:local:=(second only) 1261:local:push(second only) 1263:local:push(second only) 1266:local:push(second only) 1278:local:push(second only) 1280:local:set(second only) 1281:local:push(second only) 1288:local:push(second only) 1290:local:=(second only) 1291:local:=(second only) 1297:local:=(second only) 1302:local:=(second only) 1303:local:=(second only) 1310:local:=(second only) 1311:local:=(second only) 1316:local:=(second only) 1317:local:=(second only) 1324:local:=(second only) 1325:local:=(second only) 1331:local:=(second only) 1335:local:=(second only) 1337:local:=(second only) 1338:local:=(second only) 1343:local:=(second only) 1344:local:=(second only) 1348:local:=(second only) 1350:local:=(second only) 1367:local:push(second only) 1386:local:push(second only) 1390:local:push(second only) 1392:local:push(second only) 1399:local:push(second only) 1422:local:=(second only) 1425:local:push(second only) 1434:local:push(second only) 1447:local:push(second only) 1470:local:push(second only) 1472:local:push(second only) 1481:local:push(second only) 1482:local:push(second only) 1485:local:=(second only) 1490:local:push(second only) 1492:local:push(second only) 1505:local:push(second only) 1528:local:push(second only) 1535:local:=(second only) 1538:local:push(second only) 1544:local:push(second only) 1559:local:push(second only) 1565:local:push(second only) 1595:local:push(second only) 1604:local:=(second only) 1606:local:push(second only) 1608:local:push(second only) 1625:local:push(second only) 1629:local:=(second only) 1636:local:push(second only) 1640:local:=(second only) 1646:local:=(second only) 1649:local:=(second only) 1651:local:push(second only) 1693:local:push(second only) 1703:local:push(second only) 1711:local:push(second only)	files	0.0351	0.4842	0.6082	dry run promises removal of a locked worktree the real run must leave
252/bug-17	252	2	P2	scripts/aftercare.ts:1035	e6ba844	ts-line	yes	ticketHasComment	1028-1038	1	0	0	1	1	1034:local:=(second only)		0.0351	0.4842	0.6082	reconcile substring matches a longer comment and skips the post
252/bug-18	252	2	P2	scripts/aftercare.ts:780	e6ba844	ts-line	yes	closeFolder	780-790	1	0	0	0	0			0.0351	0.4842	0.6082	dry run exits 3 on a live preview the real run stops and closes
252/bug-22	252	3	P1	scripts/aftercare.ts:419	d2a5e88	ts-line	yes	gitIn	419-421	1	0	0	0	0			0.0359	0.4981	0.6164	inherited GIT_DIR/GIT_WORK_TREE override git -C, scanning the wrong checkout before removal
252/bug-23	252	3	P2	scripts/aftercare.ts:1739	d2a5e88	ts-line	yes	mainFlow	1132-1828	1	0	6	76	83	1239:temp:pop(second only) 1240:local:push(second only) 1274:local:++(second only) 1279:local:=(second only) 1315:local:=(second only) 1318:local:=(second only) 1319:local:=(second only) 1334:local:push(second only) 1336:local:push(second only) 1339:local:push(second only) 1351:local:push(second only) 1353:local:set(second only) 1354:local:push(second only) 1361:local:push(second only) 1363:local:=(second only) 1364:local:=(second only) 1370:local:=(second only) 1375:local:=(second only) 1376:local:=(second only) 1383:local:=(second only) 1384:local:=(second only) 1389:local:=(second only) 1390:local:=(second only) 1399:local:=(second only) 1400:local:=(second only) 1409:local:=(second only) 1410:local:=(second only) 1420:local:=(second only) 1421:local:=(second only) 1427:local:=(second only) 1431:local:=(second only) 1435:local:=(second only) 1436:local:=(second only) 1439:local:=(second only) 1440:local:=(second only) 1445:local:=(second only) 1446:local:=(second only) 1450:local:=(second only) 1452:local:=(second only) 1469:local:push(second only) 1488:local:push(second only) 1492:local:push(second only) 1494:local:push(second only) 1501:local:push(second only) 1524:local:=(second only) 1527:local:push(second only) 1536:local:push(second only) 1549:local:push(second only) 1572:local:push(second only) 1574:local:push(second only) 1583:local:push(second only) 1584:local:push(second only) 1587:local:=(second only) 1592:local:push(second only) 1594:local:push(second only) 1607:local:push(second only) 1630:local:push(second only) 1637:local:=(second only) 1640:local:push(second only) 1646:local:push(second only) 1661:local:push(second only) 1667:local:push(second only) 1697:local:push(second only) 1706:local:=(second only) 1708:local:push(second only) 1710:local:push(second only) 1727:local:push(second only) 1731:local:=(second only) 1738:local:push(second only) 1742:local:=(second only) 1748:local:=(second only) 1751:local:=(second only) 1753:local:push(second only) 1795:local:push(second only) 1805:local:push(second only) 1813:local:push(second only)	files	0.0359	0.4981	0.6164	dry run promises a pin release that a lock refuses in the real run
252/bug-24	252	3	P2	scripts/aftercare.ts:673	d2a5e88	ts-line	yes	flaggedFiles > readRawWorktree	668-683	1	0	0	0	0			0.0359	0.4981	0.6164	core.quotePath quoted paths fail hash-object, silently missing flags
252/bug-25	252	3	P2	scripts/aftercare.ts:1076	d2a5e88	ts-line	yes	ticketState	1071-1095	1	0	0	0	0			0.0359	0.4981	0.6164	plane.sh takes no repo arg, so every Plane run stops at ticket-state
268/bug-1	268	1	P2	scripts/lib/switch-offs.ts:435	8fe7775	ts-line	yes	fileSwitches > callback of placed.forEach	428-452	1	1	1	6	6	433:local:=(second only) 435:local:=(second only) 437:local:=(second only) 440:local:=(second only) 442:local:=(second only) 444:captured:push		0.0458	0.3246	0.6558	biome-ignore covers the next node but the identity hashes one line
268/bug-2	268	1	P2	scripts/lib/switch-offs.ts:416	8fe7775	ts-line	yes	fileSwitches > callback of placed.forEach	416-426	1	2	2	4	4	420:local:push(second only) 422:local:pop(second only) 423:captured:set 425:captured:set		0.0458	0.3246	0.6558	block closes pop whole stack but Oxlint matches by rule set and ignores bare enable
268/bug-5	268	1	P2	skills/postmaster/postmaster.md:568	8fe7775	runbook	n/a													switch-off ask never writes .waiting-on-user
268/bug-6	268	1	P2	skills/postmaster/coachman.md:1011	8fe7775	runbook	n/a													exit-2 paragraph misdescribes held and its remedy cannot clear it
268/bug-7	268	2	P2	scripts/lib/switch-offs.ts:308	7e07807	ts-line	yes	parseSwitchOff	308-391	1	0	0	7	7	311:local:=(second only) 313:local:=(second only) 348:local:=(second only) 349:local:=(second only) 353:local:=(second only) 354:local:=(second only) 357:local:=(second only)		0.0819	0.3524	0.6543	triple-slash TS suppressions honored but not parsed
268/security-4	268	2	P2	scripts/lib/switch-offs.ts:309	7e07807	ts-line	yes	parseSwitchOff	308-391	1	0	0	7	7	311:local:=(second only) 313:local:=(second only) 348:local:=(second only) 349:local:=(second only) 353:local:=(second only) 354:local:=(second only) 357:local:=(second only)		0.0819	0.3524	0.6543	TS block directives read first line but tsc reads last
268/security-5	268	2	P2	scripts/lib/switch-offs.ts:555	7e07807	ts-line	yes	fileSwitches > callback of placed.forEach	548-576	1	1	1	6	6	553:local:=(second only) 555:local:=(second only) 557:local:=(second only) 561:local:=(second only) 566:local:=(second only) 568:captured:push		0.0819	0.3524	0.6543	TS next-line identity misses tsc blank and comment skipping
268/bug-8	268	2	P2	scripts/lib/switch-offs.ts:334	7e07807	ts-line	yes	parseSwitchOff	308-391	1	0	0	7	7	311:local:=(second only) 313:local:=(second only) 348:local:=(second only) 349:local:=(second only) 353:local:=(second only) 354:local:=(second only) 357:local:=(second only)		0.0819	0.3524	0.6543	linter block rules read first line only but Oxlint reads across lines
268/security-6	268	2	P2	scripts/lib/switch-offs.ts:366	7e07807	ts-line	yes	parseSwitchOff	308-391	1	0	0	7	7	311:local:=(second only) 313:local:=(second only) 348:local:=(second only) 349:local:=(second only) 353:local:=(second only) 354:local:=(second only) 357:local:=(second only)		0.0819	0.3524	0.6543	Biome block directives read first line only but Biome reads any line
268/bug-9	268	2	P2	scripts/lib/switch-offs.ts:398	7e07807	ts-line	yes	placeDirectives	398-406	1	0	0	1	1	403:local:push(second only)		0.0819	0.3524	0.6543	JSX-text double-slash swallows a trailing directive
268/security-7	268	2	P2	scripts/lib/switch-offs.ts:194	7e07807	ts-line	yes	scanComments	116-281	1	0	0	59	59	132:local:++(second only) 133:local:+=(second only) 135:local:+=(second only) 140:local:pop(second only) 141:local:=(second only) 142:local:++(second only) 146:local:push(second only) 147:local:+=(second only) 152:local:++(second only) 153:local:+=(second only) 156:local:++(second only) 161:local:++(second only) 162:local:+=(second only) 166:local:++(second only) 172:local:+=(second only) 173:local:++(second only) 174:local:push(second only) 180:local:+=(second only) 184:local:++(second only) 185:local:+=(second only) 188:local:++(second only) 190:local:=(second only) 191:local:push(second only) 195:local:++(second only) 199:local:++(second only) 202:local:++(second only) 203:local:+=(second only) 205:local:++(second only) 209:local:++(second only) 211:local:++(second only) 212:local:=(second only) 216:local:push(second only) 217:local:++(second only) 222:local:++(second only) 228:local:+=(second only) 231:local:=(second only) 232:local:=(second only) 234:local:++(second only) 235:local:++(second only) 236:local:=(second only) 239:local:++(second only) 241:local:=(second only) 244:local:=(second only) 245:local:++(second only) 249:local:++(second only) 250:local:=(second only) 251:local:++(second only) 256:local:pop(second only) 257:local:=(second only) 258:local:++(second only) 261:local:--(second only) 262:local:=(second only) 263:local:++(second only) 268:local:++(second only) 269:local:=(second only) 273:local:++(second only) 274:local:=(second only) 277:local:=(second only) 278:local:++(second only)		0.0819	0.3524	0.6543	apostrophe in JSX text opens a fake string hiding directives
268/security-8	268	2	P2	scripts/lib/switch-offs.ts:248	7e07807	ts-line	yes	scanComments	116-281	1	0	0	59	59	132:local:++(second only) 133:local:+=(second only) 135:local:+=(second only) 140:local:pop(second only) 141:local:=(second only) 142:local:++(second only) 146:local:push(second only) 147:local:+=(second only) 152:local:++(second only) 153:local:+=(second only) 156:local:++(second only) 161:local:++(second only) 162:local:+=(second only) 166:local:++(second only) 172:local:+=(second only) 173:local:++(second only) 174:local:push(second only) 180:local:+=(second only) 184:local:++(second only) 185:local:+=(second only) 188:local:++(second only) 190:local:=(second only) 191:local:push(second only) 195:local:++(second only) 199:local:++(second only) 202:local:++(second only) 203:local:+=(second only) 205:local:++(second only) 209:local:++(second only) 211:local:++(second only) 212:local:=(second only) 216:local:push(second only) 217:local:++(second only) 222:local:++(second only) 228:local:+=(second only) 231:local:=(second only) 232:local:=(second only) 234:local:++(second only) 235:local:++(second only) 236:local:=(second only) 239:local:++(second only) 241:local:=(second only) 244:local:=(second only) 245:local:++(second only) 249:local:++(second only) 250:local:=(second only) 251:local:++(second only) 256:local:pop(second only) 257:local:=(second only) 258:local:++(second only) 261:local:--(second only) 262:local:=(second only) 263:local:++(second only) 268:local:++(second only) 269:local:=(second only) 273:local:++(second only) 274:local:=(second only) 277:local:=(second only) 278:local:++(second only)		0.0819	0.3524	0.6543	slash after a condition paren divide-read hides regex directives
268/security-9	268	2	P2	scripts/lib/switch-offs.ts:249	7e07807	ts-line	yes	scanComments	116-281	1	0	0	59	59	132:local:++(second only) 133:local:+=(second only) 135:local:+=(second only) 140:local:pop(second only) 141:local:=(second only) 142:local:++(second only) 146:local:push(second only) 147:local:+=(second only) 152:local:++(second only) 153:local:+=(second only) 156:local:++(second only) 161:local:++(second only) 162:local:+=(second only) 166:local:++(second only) 172:local:+=(second only) 173:local:++(second only) 174:local:push(second only) 180:local:+=(second only) 184:local:++(second only) 185:local:+=(second only) 188:local:++(second only) 190:local:=(second only) 191:local:push(second only) 195:local:++(second only) 199:local:++(second only) 202:local:++(second only) 203:local:+=(second only) 205:local:++(second only) 209:local:++(second only) 211:local:++(second only) 212:local:=(second only) 216:local:push(second only) 217:local:++(second only) 222:local:++(second only) 228:local:+=(second only) 231:local:=(second only) 232:local:=(second only) 234:local:++(second only) 235:local:++(second only) 236:local:=(second only) 239:local:++(second only) 241:local:=(second only) 244:local:=(second only) 245:local:++(second only) 249:local:++(second only) 250:local:=(second only) 251:local:++(second only) 256:local:pop(second only) 257:local:=(second only) 258:local:++(second only) 261:local:--(second only) 262:local:=(second only) 263:local:++(second only) 268:local:++(second only) 269:local:=(second only) 273:local:++(second only) 274:local:=(second only) 277:local:=(second only) 278:local:++(second only)		0.0819	0.3524	0.6543	slash after plus-plus regex-read hides trailing directives
268/security-10	268	2	P2	scripts/lib/switch-offs.ts:199	7e07807	ts-line	yes	scanComments	116-281	1	0	0	59	59	132:local:++(second only) 133:local:+=(second only) 135:local:+=(second only) 140:local:pop(second only) 141:local:=(second only) 142:local:++(second only) 146:local:push(second only) 147:local:+=(second only) 152:local:++(second only) 153:local:+=(second only) 156:local:++(second only) 161:local:++(second only) 162:local:+=(second only) 166:local:++(second only) 172:local:+=(second only) 173:local:++(second only) 174:local:push(second only) 180:local:+=(second only) 184:local:++(second only) 185:local:+=(second only) 188:local:++(second only) 190:local:=(second only) 191:local:push(second only) 195:local:++(second only) 199:local:++(second only) 202:local:++(second only) 203:local:+=(second only) 205:local:++(second only) 209:local:++(second only) 211:local:++(second only) 212:local:=(second only) 216:local:push(second only) 217:local:++(second only) 222:local:++(second only) 228:local:+=(second only) 231:local:=(second only) 232:local:=(second only) 234:local:++(second only) 235:local:++(second only) 236:local:=(second only) 239:local:++(second only) 241:local:=(second only) 244:local:=(second only) 245:local:++(second only) 249:local:++(second only) 250:local:=(second only) 251:local:++(second only) 256:local:pop(second only) 257:local:=(second only) 258:local:++(second only) 261:local:--(second only) 262:local:=(second only) 263:local:++(second only) 268:local:++(second only) 269:local:=(second only) 273:local:++(second only) 274:local:=(second only) 277:local:=(second only) 278:local:++(second only)		0.0819	0.3524	0.6543	strings and regexes end at U+2028 which ES2019 allows inside
268/bug-10	268	2	P2	scripts/lib/switch-offs.ts:408	7e07807	ts-line	yes	maskedLines	408-415	1	0	0	2	2	411:local:++(second only) 412:local:=(second only)		0.0819	0.3524	0.6543	covered lines split Python-wide while the scanner counts tsc-narrow
268/bug-12	268	3	P1	scripts/lib/switch-offs.ts:135	b0f7d8a	ts-line	yes	quoteOpens	135-140	1	0	0	0	0			0.0987	0.3629	0.6115	unclosed quote in JSX text swallows a trailing directive the tool honors
268/bug-13	268	3	P2	scripts/lib/switch-offs.ts:687	b0f7d8a	ts-line	yes	biomeCovered	673-690	1	0	0	5	5	675:local:++(second only) 679:local:++(second only) 680:local:=(second only) 684:local:++(second only) 685:local:--(second only)		0.0987	0.3629	0.6115	Biome identity stops before an implicit continuation
268/security-12	268	3	P2	scripts/lib/switch-offs.ts:771	b0f7d8a	ts-line	yes	fileSwitches > callback of placed.forEach	759-792	1	1	1	6	6	764:local:=(second only) 766:local:=(second only) 773:local:=(second only) 777:local:=(second only) 782:local:=(second only) 784:captured:push		0.0987	0.3629	0.6115	block-comment next-line identity hashes a comment line not the covered code
268/bug-14	268	3	P2	scripts/log-action.ts:281	b0f7d8a	ts-line	yes	logAction	237-340	1	0	0	4	4	299:local:=(second only) 300:local:=(second only) 302:local:=(second only) 307:local:=(second only)	clock,files	0.0000	0.0000	0.7083	switch-off record accepted with no user words
