label	module	line	col	function	fn_start	fn_end	op	how	root	alias	first	fn_tags	module_tags	target	source_line
main	scripts/aftercare.ts	374	52	folderSet > add	373	375	call	add	captured	0	1		env,clock,files,proc	candidates	if (dirname(path) === worktreesDir) candidates.add(path);
main	scripts/aftercare.ts	653	18	flaggedFiles > candidate	648	656	call	set	captured	0	1		env,clock,files,proc	candidates	candidates.set(blob, set);
main	scripts/aftercare.ts	803	47	dirtySubmodules > flush	802	806	call	push	captured	0	1		env,clock,files,proc	dirty	if (current !== "" && currentDirty) dirty.push(current);
main	scripts/aftercare.ts	804	5	dirtySubmodules > flush	802	806	rebind	=	captured	0	1		env,clock,files,proc	current	current = "";
main	scripts/aftercare.ts	805	5	dirtySubmodules > flush	802	806	rebind	=	captured	0	1		env,clock,files,proc	currentDirty	currentDirty = false;
main	scripts/aftercare.ts	1174	13	mainFlow > pendingClosing	1172	1175	call	push	captured	0	1		env,clock,files,proc	steps	steps.push({ name: CLOSING[i]!, status: "waiting", detail: "waiting for the stop above" });
main	scripts/aftercare.ts	1177	11	mainFlow > pendingWindows	1176	1178	call	push	captured	0	1		env,clock,files,proc	steps	steps.push({ name: "close-run", status: "waiting", detail: "waiting for the stop above" });
main	scripts/aftercare.ts	1539	19	mainFlow > runClosing	1533	1544	call	push	captured	0	1		env,clock,files,proc	steps	steps.push({ name: error.step, status: "failed", detail: error.reason });
main	scripts/aftercare.ts	1802	17	mainFlow > callback of runClosing	1778	1812	call	push	captured	0	1		env,clock,files,proc	steps	steps.push({ name: "release", status: "done", detail: `removed ${removed[1]!.trim()}` });
main	scripts/aftercare.ts	1804	17	mainFlow > callback of runClosing	1778	1812	call	push	captured	0	1		env,clock,files,proc	steps	steps.push({
main	scripts/aftercare.ts	1810	17	mainFlow > callback of runClosing	1778	1812	call	push	captured	0	1		env,clock,files,proc	steps	steps.push({ name: "release", status: "already", detail: "nothing to release" });
main	scripts/aftercare.ts	1919	5	main	1914	1931	delete	delete	global	0	1	env	env,clock,files,proc	process.env	delete process.env[name];
main	scripts/clean-checkout.ts	124	7	runBounded > (arrow) > finish	122	135	rebind	=	captured	0	1		env,files,proc,os	settled	settled = true;
main	scripts/clean-checkout.ts	246	5	(module)	0	0	prop	=	global	0	1	env,files,proc,os	env,files,proc,os	process	process.exitCode = 1;
main	scripts/clean-checkout.ts	249	7	(module)	0	0	prop	=	global	0	1	env,files,proc,os	env,files,proc,os	process	process.exitCode = (await cleanCheckout(args[0], args[1], ...args.slice(2))).exitCode;
main	scripts/clean-checkout.ts	252	7	(module)	0	0	prop	=	global	0	1	env,files,proc,os	env,files,proc,os	process	process.exitCode = 1;
main	scripts/clerk.ts	435	5	main	432	440	prop	=	global	0	1	env	env,clock,files,os	process.env	process.env.POSTMASTER_PROJECT = resolve(argv[1]!);
main	scripts/coachman-contract.ts	268	54	exerciseSelfTest > runCase	254	277	rebind	+=	captured	0	1	files	files,os	passed	if (control(ok, label, `exit ${result.code}`)) passed += 1;
main	scripts/coachman-contract.ts	270	9	exerciseSelfTest > runCase	254	277	rebind	+=	captured	0	1	files	files,os	failed	failed += 1;
main	scripts/coachman-contract.ts	505	72	exerciseSelfTest > neuteredControl	470	514	rebind	+=	captured	0	1	files	files,os	passed	if (control(ok, label, `exits ${neutered.code}/${honest.code}`)) passed += 1;
main	scripts/coachman-contract.ts	507	9	exerciseSelfTest > neuteredControl	470	514	rebind	+=	captured	0	1	files	files,os	failed	failed += 1;
main	scripts/coachman-contract.ts	529	54	exerciseSelfTest > versionControl	517	538	rebind	+=	captured	0	1	files	files,os	passed	if (control(ok, label, `exit ${result.code}`)) passed += 1;
main	scripts/coachman-contract.ts	531	9	exerciseSelfTest > versionControl	517	538	rebind	+=	captured	0	1	files	files,os	failed	failed += 1;
main	scripts/coachman-contract.ts	553	54	exerciseSelfTest > detectorControl	541	562	rebind	+=	captured	0	1	files	files,os	passed	if (control(ok, label, `exit ${result.code}`)) passed += 1;
main	scripts/coachman-contract.ts	555	9	exerciseSelfTest > detectorControl	541	562	rebind	+=	captured	0	1	files	files,os	failed	failed += 1;
main	scripts/coachman-contract.ts	594	54	exerciseSelfTest > mergeControl	565	603	rebind	+=	captured	0	1	files	files,os	passed	if (control(ok, label, `exit ${result.code}`)) passed += 1;
main	scripts/coachman-contract.ts	596	9	exerciseSelfTest > mergeControl	565	603	rebind	+=	captured	0	1	files	files,os	failed	failed += 1;
main	scripts/coachman-contract.ts	620	54	exerciseSelfTest > repoFormControl	607	629	rebind	+=	captured	0	1	files	files,os	passed	if (control(ok, label, `exit ${result.code}`)) passed += 1;
main	scripts/coachman-contract.ts	622	9	exerciseSelfTest > repoFormControl	607	629	rebind	+=	captured	0	1	files	files,os	failed	failed += 1;
main	scripts/discover-project.ts	19	3	(module)	0	0	delete	delete	global	0	1	env,files	env,files	process.env	delete process.env[name];
main	scripts/export-session.ts	209	7	collectJsonl > walk	203	220	rebind	=	captured	0	1	files	env,files,proc,os	failed	failed = true;
main	scripts/export-session.ts	217	15	collectJsonl > walk	203	220	call	push	captured	0	1	files	env,files,proc,os	found	found.push(full);
main	scripts/fixture.ts	73	3	(module)	0	0	delete	delete	global	0	1	env,files,os	env,files,os	process.env	delete process.env[k];
main	scripts/fixture.ts	220	5	makeAndFile	215	300	rebind	=	param	0	1	env,files,os	env,files,os	dest	dest = join(process.env.POSTMASTER_FIXTURES || join(home, "Code", "fixtures"), dest);
main	scripts/fixture.ts	222	3	makeAndFile	215	300	rebind	=	param	0	1	env,files,os	env,files,os	dest	dest = resolve(dest.replace(/^~(?=\/|$)/u, home));
main	scripts/front-door-acceptance.ts	79	11	accept > stale	77	82	call	push	captured	0	1		files	out	out.push(`${file}: still says ${label}`);
main	scripts/front-door-acceptance.ts	80	7	accept > stale	77	82	rebind	+=	captured	0	1		files	fails	fails += 1;
main	scripts/front-door.ts	35	3	(module)	0	0	delete	delete	global	0	1	env,files	env,files	process.env	delete process.env[k];
main	scripts/front-door.ts	120	9	decide > die1	119	122	call	push	captured	0	1		env,files	err	err.push(msg);
main	scripts/github.ts	460	3	main	446	682	rebind	=	module	0	1	clock,files	clock,files	REPO_DIR	REPO_DIR = REPO;
main	scripts/host-self-test.ts	73	3	next	72	75	prop	++	param	0	1		env,clock,files,proc	st	st.n++;
main	scripts/host-self-test.ts	134	5	b36	130	138	rebind	=	param	0	1		env,clock,files,proc	n	n = Math.floor(n / 36);
main	scripts/host-self-test.ts	140	3	newTab	139	142	prop	=	param	0	1		env,clock,files,proc	st.tab_n	st.tab_n[ws] = (st.tab_n[ws] ?? 0) + 1;
main	scripts/host-self-test.ts	148	3	space	143	152	prop	=	param	0	1		env,clock,files,proc	st.spaces	st.spaces[ws] = { label, tokens: {}, panes: [pane], tabs: [tab], path };
main	scripts/host-self-test.ts	149	3	space	143	152	prop	=	param	0	1		env,clock,files,proc	st.panes	st.panes[pane] = { ws, tab, cwd, tokens: {} };
main	scripts/host-self-test.ts	150	3	space	143	152	prop	=	param	0	1		env,clock,files,proc	st.tabs	st.tabs[tab] = { ws, pane, cwd, label };
main	scripts/host-self-test.ts	155	3	destroySpace	153	160	delete	delete	param	0	1		env,clock,files,proc	st.spaces	delete st.spaces[ws];
main	scripts/host-self-test.ts	157	35	destroySpace	153	160	delete	delete	param	0	1		env,clock,files,proc	st.tabs	for (const tab of w.tabs ?? []) delete st.tabs[tab];
main	scripts/host-self-test.ts	158	37	destroySpace	153	160	delete	delete	param	0	1		env,clock,files,proc	st.panes	for (const pane of w.panes ?? []) delete st.panes[pane];
main	scripts/host-self-test.ts	159	75	destroySpace	153	160	delete	delete	param	0	1		env,clock,files,proc	st.open	for (const [cwd, opened] of Object.entries(st.open)) if (opened === ws) delete st.open[cwd];
main	scripts/host-self-test.ts	421	5	tmuxStubInner > launch	420	462	prop	++	captured	0	1	env,files,proc	env,clock,files,proc	st	st.n++;
main	scripts/host-self-test.ts	424	5	tmuxStubInner > launch	420	462	prop	=	captured	0	1	env,files,proc	env,clock,files,proc	st.windows	st.windows[win] = { session, name: opt(args, "-n"), opts: {}, panes: { [pane]: { opts: {} } } };
main	scripts/host-self-test.ts	425	53	tmuxStubInner > launch	420	462	call	push	captured	0	1	env,files,proc	env,clock,files,proc	st.sessions	if (!st.sessions.includes(session)) st.sessions.push(session);
main	scripts/host-self-test.ts	943	5	check	932	948	rebind	=	param	0	1		env,clock,files,proc	detail	detail = detail || String((error as Error).message ?? error);
main	scripts/host-self-test.ts	962	46	runControls > pass	961	963	rebind	++	captured	0	1		env,clock,files,proc	failures	if (!(await check(label, test, detail))) failures++;
main	scripts/host-self-test.ts	2220	34	runControls > callback of updateHerdrJson	2219	2224	call	push	param	0	1		env,clock,files,proc	st.spaces[plainSpace].tabs	st.spaces[plainSpace].tabs.push(plainTab);
main	scripts/host-self-test.ts	2221	35	runControls > callback of updateHerdrJson	2219	2224	call	push	param	0	1		env,clock,files,proc	st.spaces[plainSpace].panes	st.spaces[plainSpace].panes.push("pU");
main	scripts/host-self-test.ts	2222	7	runControls > callback of updateHerdrJson	2219	2224	prop	=	param	0	1		env,clock,files,proc	st.tabs	st.tabs[plainTab] = { ws: plainSpace, pane: "pU", cwd: "/home/user", label: "user" };
main	scripts/host-self-test.ts	2223	7	runControls > callback of updateHerdrJson	2219	2224	prop	=	param	0	1		env,clock,files,proc	st.panes	st.panes.pU = { ws: plainSpace, tab: plainTab, cwd: "/home/user", tokens: {} };
main	scripts/host-self-test.ts	2469	7	runControls	958	6614	rebind	=	module	0	1	env,clock,files,proc	env,clock,files,proc	finishDelay	finishDelay = "3600";
main	scripts/host-self-test.ts	2540	7	runControls	958	6614	rebind	=	module	0	1	env,clock,files,proc	env,clock,files,proc	finishDelay	finishDelay = "0.1";
main	scripts/host-self-test.ts	2631	11	runControls > callback of [luna, sol, revBugLuna, f.clone].forEach	2626	2641	prop	=	captured	0	1	files	env,clock,files,proc	st.spaces	st.spaces[ws] = {
main	scripts/host-self-test.ts	2638	11	runControls > callback of [luna, sol, revBugLuna, f.clone].forEach	2626	2641	prop	=	captured	0	1	files	env,clock,files,proc	st.panes	st.panes[pane] = { ws, tab, cwd, tokens: { postmaster: "launch", state: "done" } };
main	scripts/host-self-test.ts	2639	11	runControls > callback of [luna, sol, revBugLuna, f.clone].forEach	2626	2641	prop	=	captured	0	1	files	env,clock,files,proc	st.tabs	st.tabs[tab] = { ws, pane, cwd, label: "finished" };
main	scripts/host-self-test.ts	2640	11	runControls > callback of [luna, sol, revBugLuna, f.clone].forEach	2626	2641	prop	=	captured	0	1	files	env,clock,files,proc	st.open	st.open[real] = ws;
main	scripts/host-self-test.ts	2684	37	runControls > callback of updateHerdrJson	2683	2686	call	push	param	0	1		env,clock,files,proc	st.spaces[splitSpace].panes	st.spaces[splitSpace].panes.push("pUser");
main	scripts/host-self-test.ts	2685	9	runControls > callback of updateHerdrJson	2683	2686	prop	=	param	0	1		env,clock,files,proc	st.panes	st.panes.pUser = { ws: splitSpace, tab: splitTab, cwd: "/home/user", tokens: {} };
main	scripts/host-self-test.ts	2696	7	runControls	958	6614	rebind	=	module	0	1	env,clock,files,proc	env,clock,files,proc	finishDelay	finishDelay = "3600";
main	scripts/host-self-test.ts	2785	7	runControls	958	6614	rebind	=	module	0	1	env,clock,files,proc	env,clock,files,proc	finishDelay	finishDelay = "0.1";
main	scripts/host-self-test.ts	2851	11	runControls > callback of [luna, sol, revBugLuna, f.clone].forEach	2848	2861	prop	=	captured	0	1	files	env,clock,files,proc	st.windows	st.windows[win] = {
main	scripts/host-self-test.ts	2882	7	runControls	958	6614	rebind	=	module	0	1	env,clock,files,proc	env,clock,files,proc	finishDelay	finishDelay = "0.1";
main	scripts/host-self-test.ts	2902	9	runControls > callback of updateTmuxJson	2901	2903	prop	=	param	0	1		env,clock,files,proc	st.windows[splitWin].panes	st.windows[splitWin].panes["%user"] = { opts: {} };
main	scripts/host-self-test.ts	2910	7	runControls	958	6614	rebind	=	module	0	1	env,clock,files,proc	env,clock,files,proc	finishDelay	finishDelay = "3600";
main	scripts/host-self-test.ts	2947	9	runControls > callback of updateTmuxJson	2946	2948	prop	=	param	0	1		env,clock,files,proc	st.windows[f2win].panes	st.windows[f2win].panes["%user"] = { opts: {} };
main	scripts/host-self-test.ts	2959	7	runControls	958	6614	rebind	=	module	0	1	env,clock,files,proc	env,clock,files,proc	finishDelay	finishDelay = "0.1";
main	scripts/host-self-test.ts	2970	9	runControls > callback of updateTmuxJson	2969	2971	prop	=	param	0	1		env,clock,files,proc	st.windows[f2bwin].panes	st.windows[f2bwin].panes["%user"] = { opts: {} };
main	scripts/host-self-test.ts	2983	7	runControls	958	6614	rebind	=	module	0	1	env,clock,files,proc	env,clock,files,proc	finishDelay	finishDelay = "3600";
main	scripts/host-self-test.ts	3081	7	runControls	958	6614	rebind	=	module	0	1	env,clock,files,proc	env,clock,files,proc	finishDelay	finishDelay = "0.1";
main	scripts/host-self-test.ts	3106	7	runControls	958	6614	rebind	=	module	0	1	env,clock,files,proc	env,clock,files,proc	finishDelay	finishDelay = "3600";
main	scripts/host-self-test.ts	3236	7	runControls	958	6614	rebind	=	module	0	1	env,clock,files,proc	env,clock,files,proc	finishDelay	finishDelay = "3600";
main	scripts/host-self-test.ts	3241	9	runControls > callback of updateHerdrJson	3240	3262	prop	=	param	0	1		env,clock,files,proc	st.spaces	st.spaces.w9 = {
main	scripts/host-self-test.ts	3248	9	runControls > callback of updateHerdrJson	3240	3262	prop	=	param	0	1		env,clock,files,proc	st.panes	st.panes.p9a = {
main	scripts/host-self-test.ts	3254	9	runControls > callback of updateHerdrJson	3240	3262	prop	=	param	0	1		env,clock,files,proc	st.panes	st.panes.p9b = {
main	scripts/host-self-test.ts	3260	9	runControls > callback of updateHerdrJson	3240	3262	prop	=	param	0	1		env,clock,files,proc	st.tabs	st.tabs["w9:t1"] = { ws: "w9", pane: "p9a", cwd: lunaReal, label: "finished" };
main	scripts/host-self-test.ts	3261	9	runControls > callback of updateHerdrJson	3240	3262	prop	=	param	0	1		env,clock,files,proc	st.open	st.open[lunaReal] = "w9";
main	scripts/host-self-test.ts	3288	7	runControls	958	6614	rebind	=	module	0	1	env,clock,files,proc	env,clock,files,proc	finishDelay	finishDelay = "3600";
main	scripts/host-self-test.ts	3306	9	runControls > callback of updateHerdrJson	3304	3312	delete	delete	param	0	1		env,clock,files,proc	st.spaces	delete st.spaces[hc3space];
main	scripts/host-self-test.ts	3307	46	runControls > callback of updateHerdrJson	3304	3312	delete	delete	param	0	1		env,clock,files,proc	st.panes	for (const pane of gone.panes ?? []) delete st.panes[pane];
main	scripts/host-self-test.ts	3308	44	runControls > callback of updateHerdrJson	3304	3312	delete	delete	param	0	1		env,clock,files,proc	st.tabs	for (const tab of gone.tabs ?? []) delete st.tabs[tab];
main	scripts/host-self-test.ts	3310	36	runControls > callback of updateHerdrJson	3304	3312	delete	delete	param	0	1		env,clock,files,proc	st.open as Record<string, string>	if (opened === hc3space) delete (st.open as Record<string, string>)[cwd];
main	scripts/host-self-test.ts	3447	7	runControls	958	6614	rebind	=	module	0	1	env,clock,files,proc	env,clock,files,proc	finishDelay	finishDelay = "3600";
main	scripts/host-self-test.ts	3472	7	runControls	958	6614	rebind	=	module	0	1	env,clock,files,proc	env,clock,files,proc	finishDelay	finishDelay = "3600";
main	scripts/host-self-test.ts	3496	7	runControls	958	6614	rebind	=	module	0	1	env,clock,files,proc	env,clock,files,proc	finishDelay	finishDelay = "3600";
main	scripts/host-self-test.ts	3530	7	runControls	958	6614	rebind	=	module	0	1	env,clock,files,proc	env,clock,files,proc	finishDelay	finishDelay = "3600";
main	scripts/host-self-test.ts	4482	7	runControls > wallProbe	4476	4490	rebind	=	captured	0	1	files	env,clock,files,proc	prompt	prompt = join(legD, file);
main	scripts/host-self-test.ts	4484	7	runControls > wallProbe	4476	4490	rebind	=	captured	0	1	files	env,clock,files,proc	r	r = await legRun(["launch", legD, legWt, "synthesis", "1", prompt]);
main	scripts/host-self-test.ts	5423	9	runControls > callback of starter.once	5422	5424	rebind	=	captured	0	1		env,clock,files,proc	starterGone	starterGone = true;
main	scripts/host-self-test.ts	6679	46	live > pass	6678	6680	rebind	++	captured	0	1		env,clock,files,proc	failures	if (!(await check(label, test, detail))) failures++;
main	scripts/host.ts	466	5	nameCmd	364	503	rebind	=	param	0	1	files	env,clock,files,proc,os	args	args = ["coachman", legName, String(n)];
main	scripts/host.ts	470	5	nameCmd	364	503	rebind	=	param	0	1	files	env,clock,files,proc,os	args	args = Array.isArray(workhorses) && workhorses.includes(lane) ? ["workhorse", lane] : args;
main	scripts/host.ts	484	7	nameCmd	364	503	rebind	=	param	0	1	files	env,clock,files,proc,os	args	args = ["review", lane, lens, top.toString()];
main	scripts/host.ts	652	5	recordRoots	634	662	prop	=	param	0	1	files	env,clock,files,proc,os	rec	rec.start = procs.get(group)!.start;
main	scripts/host.ts	653	5	recordRoots	634	662	prop	=	param	0	1	files	env,clock,files,proc,os	rec	rec.boot = boot;
main	scripts/host.ts	1724	5	systemdCapability > callback of probe.once	1723	1725	rebind	=	captured	0	1		env,clock,files,proc,os	probeDone	probeDone = true;
main	scripts/host.ts	1727	5	systemdCapability > callback of probe.once	1726	1729	rebind	=	captured	0	1		env,clock,files,proc,os	probeDone	probeDone = true;
main	scripts/host.ts	1728	5	systemdCapability > callback of probe.once	1726	1729	rebind	=	captured	0	1		env,clock,files,proc,os	probeCode	probeCode = code ?? 1;
main	scripts/host.ts	2026	3	runLaunch	2011	2325	rebind	=	module	0	1	env,clock,files,proc	env,clock,files,proc,os	STATE	STATE = spec.state;
main	scripts/host.ts	2040	51	runLaunch	2011	2325	delete	delete	global	0	1	env,clock,files,proc	env,clock,files,proc,os	process.env	if (paneEnv.POSTMASTER_PROC_ROOT === undefined) delete process.env.POSTMASTER_PROC_ROOT;
main	scripts/host.ts	2041	8	runLaunch	2011	2325	prop	=	global	0	1	env,clock,files,proc	env,clock,files,proc,os	process.env	else process.env.POSTMASTER_PROC_ROOT = paneEnv.POSTMASTER_PROC_ROOT;
main	scripts/host.ts	2169	13	runLaunch > (arrow) > callback of child!.once	2167	2173	rebind	=	captured	0	1		env,clock,files,proc,os	settled	settled = true;
main	scripts/host.ts	2176	13	runLaunch > (arrow) > callback of child!.once	2174	2179	rebind	=	captured	0	1		env,clock,files,proc,os	settled	settled = true;
main	scripts/host.ts	2786	14	stopTree > callback of batch.forEach	2785	2787	call	add	captured	0	1		env,clock,files,proc,os	frozen	frozen.add(pid);
main	scripts/host.ts	2988	3	spawnCmd	2961	3075	rebind	=	module	0	1	env,files	env,clock,files,proc,os	PLACE_ENV	PLACE_ENV = envOptions("POSTMASTER_");
main	scripts/host.ts	3243	28	pyIntJson	3242	3248	rebind	=	param	0	1		env,clock,files,proc,os	value	if (value === undefined) value = dflt;
main	scripts/host.ts	4330	3	legStart	4043	4393	prop	=	global	0	1	env,clock,files	env,clock,files,proc,os	process.env	process.env.POSTMASTER_ATTEMPT_PHASE = phase;
main	scripts/host.ts	4343	35	legStart	4043	4393	delete	delete	global	0	1	env,clock,files	env,clock,files,proc,os	process.env	if (savedPhase === undefined) delete process.env.POSTMASTER_ATTEMPT_PHASE;
main	scripts/host.ts	4344	10	legStart	4043	4393	prop	=	global	0	1	env,clock,files	env,clock,files,proc,os	process.env	else process.env.POSTMASTER_ATTEMPT_PHASE = savedPhase;
main	scripts/host.ts	4681	9	legExec > scanLine	4677	4688	rebind	=	captured	0	1		env,clock,files,proc,os	wallSeen	wallSeen = true;
main	scripts/host.ts	4686	9	legExec > scanLine	4677	4688	rebind	=	captured	0	1		env,clock,files,proc,os	wallSeen	wallSeen = true;
main	scripts/host.ts	4693	5	legExec	4633	4810	prop	=	global	0	1	env,files,proc	env,clock,files,proc,os	process.env	process.env.POSTMASTER_LAUNCH_ROLE = "coachman";
main	scripts/host.ts	4738	11	legExec > (arrow) > callback of child.once	4736	4741	rebind	=	captured	0	1		env,clock,files,proc,os	settled	settled = true;
main	scripts/host.ts	4744	11	legExec > (arrow) > callback of child.once	4742	4747	rebind	=	captured	0	1		env,clock,files,proc,os	settled	settled = true;
main	scripts/host.ts	5425	66	runWorktreePaths > add	5422	5426	call	push	captured	0	1		env,clock,files,proc,os	paths	if (dirname(p) === worktreesDir && !paths.includes(p)) paths.push(p);
main	scripts/launch.ts	889	36	noteStructured	882	920	prop	=	param	0	1		env,clock,files,proc,os	st	if (st.transient === null) st.transient = "gateway failure";
main	scripts/launch.ts	891	9	noteStructured	882	920	prop	=	param	0	1		env,clock,files,proc,os	st	st.wall = true;
main	scripts/launch.ts	895	9	noteStructured	882	920	prop	=	param	0	1		env,clock,files,proc,os	st	st.unknown = true;
main	scripts/launch.ts	912	7	noteStructured	882	920	prop	=	param	0	1		env,clock,files,proc,os	st	st.transient = nv.startsWith("econn") ? "stream drop" : "gateway failure";
main	scripts/launch.ts	916	5	noteStructured	882	920	prop	=	param	0	1		env,clock,files,proc,os	st	st.unknown = true;
main	scripts/launch.ts	974	9	isMarked > visit	966	994	rebind	=	captured	0	1		env,clock,files,proc,os	found	found = true;
main	scripts/launch.ts	981	11	isMarked > visit	966	994	rebind	=	captured	0	1		env,clock,files,proc,os	found	found = true;
main	scripts/launch.ts	986	11	isMarked > visit	966	994	rebind	=	captured	0	1		env,clock,files,proc,os	found	found = true;
main	scripts/launch.ts	1016	40	collectErrorText	1014	1031	call	push	param	0	1		env,clock,files,proc,os	into	if (MESSAGE_KEYS.has(parent)) into.push(value);
main	scripts/launch.ts	1294	3	(module)	0	0	prop	=	global	0	1	env,clock,files,proc,os	env,clock,files,proc,os	process.env	process.env.SHLVL = nextShlvl(process.env.SHLVL);
main	scripts/launch.ts	1384	21	(module)	0	0	prop	=	global	0	1	env,clock,files,proc,os	env,clock,files,proc,os	process.env	if (SESSION_NAME) process.env.POSTMASTER_LAUNCH_NAME = SESSION_NAME;
main	scripts/launch.ts	1514	7	promptText	1509	1518	rebind	=	module	0	1	files	env,clock,files,proc,os	PTEXT	PTEXT = st.toString("utf8").replace(/\n+$/u, "");
main	scripts/launch.ts	1798	20	(module)	0	0	prop	=	global	0	1	env,clock,files,proc,os	env,clock,files,proc,os	process.env	if (from !== "") process.env.OLDPWD = from;
main	scripts/launch.ts	1800	5	(module)	0	0	prop	=	global	0	1	env,clock,files,proc,os	env,clock,files,proc,os	process.env	process.env.PWD = logicalPwd(CWD, from, process.cwd());
main	scripts/launch.ts	1865	3	(module)	0	0	delete	delete	global	0	1	env,clock,files,proc,os	env,clock,files,proc,os	process.env	delete process.env.POSTMASTER_LAUNCH_NAME;
main	scripts/launch.ts	1866	3	(module)	0	0	delete	delete	global	0	1	env,clock,files,proc,os	env,clock,files,proc,os	process.env	delete process.env.POSTMASTER_LAUNCH_ROLE;
main	scripts/launch.ts	1867	3	(module)	0	0	delete	delete	global	0	1	env,clock,files,proc,os	env,clock,files,proc,os	process.env	delete process.env.POSTMASTER_ATTEMPT_PHASE;
main	scripts/lib/confine.ts	43	5	seatbeltProfile	39	50	rebind	=	module	0	1	files,os	files,proc,os	seatbeltProfilePath	seatbeltProfilePath = join(dir, "confinement.sb");
main	scripts/lib/proc.ts	53	28	run	39	92	delete	delete	global	1	1	env,proc	env,files,proc,os	env	if (v === undefined) delete env[k];
main	scripts/lib/proc.ts	54	12	run	39	92	prop	=	global	1	1	env,proc	env,files,proc,os	env	else env[k] = v;
main	scripts/lib/text.ts	504	3	isDigitChar	503	506	prop	=	module	0	1			ND_ONE	ND_ONE.lastIndex = 0;
main	scripts/lib/wall.ts	155	77	parseWallReset > callback of text.replace	151	157	call	push	captured	0	1			cands	if (Number.isFinite(t) && !Number.isNaN(new Date(t).getTime())) cands.push(t);
main	scripts/lib/wall.ts	187	35	parseWallReset > callback of text.replace	165	189	call	push	captured	0	1			cands	if (instant !== null) cands.push(instant);
main	scripts/lib/wall.ts	206	35	parseWallReset > callback of text.replace	196	208	call	push	captured	0	1			cands	if (instant !== null) cands.push(instant);
main	scripts/lib/wall.ts	237	35	parseWallReset > callback of text.replace	214	239	call	push	captured	0	1			cands	if (instant !== null) cands.push(instant);
main	scripts/parallel-runs-acceptance.ts	91	40	sweep	89	97	call	push	param	0	1		files	out	if (folded.includes(sentence)) out.push(`${file}: still says ${label}`);
main	scripts/parallel-runs-acceptance.ts	95	11	sweep	89	97	call	push	param	0	1		files	out	out.push(`${file}: still says two runs must not change the same files`);
main	scripts/parallel-runs-acceptance.ts	189	14	walkInto	162	202	call	add	param	0	1	files	files	ancestry	ancestry.add(key);
main	scripts/parallel-runs-acceptance.ts	193	18	walkInto	162	202	call	delete	param	0	1	files	files	ancestry	ancestry.delete(key);
main	scripts/parallel-runs-acceptance.ts	197	14	walkInto	162	202	call	delete	param	0	1	files	files	ancestry	ancestry.delete(key);
main	scripts/parallel-runs-acceptance.ts	200	26	walkInto	162	202	call	push	param	0	1	files	files	files	if (st.isFile()) files.push(path);
main	scripts/plane.ts	148	9	feed	133	182	prop	++	this	0	1		env,clock,files	this	this.comments++;
main	scripts/plane.ts	174	17	feed	133	182	call	add	this	0	1		env,clock,files	this.tags	this.tags.add(tag);
main	scripts/plane.ts	191	11	handleStartTag	184	201	prop	=	this	0	1		env,clock,files	this.stack	this.stack.length = k;
main	scripts/plane.ts	196	18	handleStartTag	184	201	call	pop	this	0	1		env,clock,files	this.stack	this.stack.pop();
main	scripts/plane.ts	199	49	handleStartTag	184	201	call	push	this	0	1		env,clock,files	this.stack[this.stack.length - 1]?.children	this.stack[this.stack.length - 1]?.children.push(node);
main	scripts/plane.ts	200	36	handleStartTag	184	201	call	push	this	0	1		env,clock,files	this.stack	if (!VOID.has(tag)) this.stack.push(node);
main	scripts/plane.ts	204	15	handleStartEndTag	203	206	call	add	this	0	1		env,clock,files	this.tags	this.tags.add(tag);
main	scripts/plane.ts	205	49	handleStartEndTag	203	206	call	push	this	0	1		env,clock,files	this.stack[this.stack.length - 1]?.children	this.stack[this.stack.length - 1]?.children.push(makeNode(tag, attrs));
main	scripts/plane.ts	211	9	handleEndTag	208	215	prop	=	this	0	1		env,clock,files	this.stack	this.stack.length = k;
main	scripts/plane.ts	218	49	handleData	217	219	call	push	this	0	1		env,clock,files	this.stack[this.stack.length - 1]?.children	this.stack[this.stack.length - 1]?.children.push(data);
main	scripts/plane.ts	458	5	mdBlocks > flush	456	460	rebind	=	captured	0	1		env,clock,files	run	run = [];
main	scripts/plane.ts	459	34	mdBlocks > flush	456	460	call	push	captured	0	1		env,clock,files	blocks	if (lines.length > 0) blocks.push(["p", lines, false]);
main	scripts/plane.ts	675	3	itemLines	666	711	rebind	++	param	0	1		env,clock,files	i	i++;
main	scripts/plane.ts	682	7	itemLines	666	711	rebind	++	param	0	1		env,clock,files	i	i++;
main	scripts/plane.ts	689	7	itemLines	666	711	rebind	++	param	0	1		env,clock,files	i	i++;
main	scripts/plane.ts	706	5	itemLines	666	711	rebind	++	param	0	1		env,clock,files	i	i++;
main	scripts/plane.ts	721	5	listHtml	713	726	rebind	=	param	0	1		env,clock,files	i	i = nextI;
main	scripts/plane.ts	815	14	shape > inlineToks	812	838	call	push	captured	0	1		env,clock,files	toks	toks.push(...pyWords(n));
main	scripts/plane.ts	818	14	shape > inlineToks	812	838	call	push	captured	0	1		env,clock,files	toks	toks.push("<b>");
main	scripts/plane.ts	821	11	shape > inlineToks	812	838	prop	=	captured	0	1		env,clock,files	toks	toks.length = mark;
main	scripts/plane.ts	823	16	shape > inlineToks	812	838	call	push	captured	0	1		env,clock,files	toks	toks.push("</b>");
main	scripts/plane.ts	827	36	shape > inlineToks	812	838	call	push	captured	0	1		env,clock,files	toks	if (words.length > 0) toks.push(`<code ${words.join(" ")}>`);
main	scripts/plane.ts	829	14	shape > inlineToks	812	838	call	push	captured	0	1		env,clock,files	toks	toks.push(`<a ${hrefKey(n.attrs.href!)}>`);
main	scripts/plane.ts	831	14	shape > inlineToks	812	838	call	push	captured	0	1		env,clock,files	toks	toks.push("</a>");
main	scripts/plane.ts	833	14	shape > inlineToks	812	838	call	push	captured	0	1		env,clock,files	toks	toks.push("<br>");
main	scripts/plane.ts	843	24	shape > para	840	849	call	splice	captured	0	1		env,clock,files	toks	const inner = toks.splice(mark);
main	scripts/plane.ts	847	12	shape > para	840	849	call	push	captured	0	1		env,clock,files	toks	toks.push(open_, ...inner, close);
main	scripts/plane.ts	867	28	shape > blocks	851	891	call	splice	captured	0	1		env,clock,files	toks	const inner = toks.splice(mark).filter((t) => t !== "<br>");
main	scripts/plane.ts	868	14	shape > blocks	851	891	call	push	captured	0	1		env,clock,files	toks	toks.push(`<${c.tag}>`, ...inner, `</${c.tag}>`);
main	scripts/plane.ts	870	14	shape > blocks	851	891	call	push	captured	0	1		env,clock,files	toks	toks.push(`<pre ${codeLang(c)}>`, codeText(c), "</pre>");
main	scripts/plane.ts	872	14	shape > blocks	851	891	call	push	captured	0	1		env,clock,files	toks	toks.push("<hr>");
main	scripts/plane.ts	880	14	shape > blocks	851	891	call	push	captured	0	1		env,clock,files	toks	toks.push(c.tag === "ol" ? `<ol start=${listStart(c)}>` : "<ul>");
main	scripts/plane.ts	882	16	shape > blocks	851	891	call	push	captured	0	1		env,clock,files	toks	toks.push("<li>");
main	scripts/plane.ts	884	16	shape > blocks	851	891	call	push	captured	0	1		env,clock,files	toks	toks.push("</li>");
main	scripts/plane.ts	887	14	shape > blocks	851	891	call	push	captured	0	1		env,clock,files	toks	toks.push(`</${c.tag}>`);
main	scripts/plane.ts	1056	15	loadConfig	1016	1072	prop	=	global	0	1	env,files	env,clock,files	process.env	if (kv) process.env[kv[0]] = kv[1];
main	scripts/premises.ts	102	10	citationsFromText > push	99	104	call	add	captured	0	1		files	seen	seen.add(key);
main	scripts/premises.ts	103	9	citationsFromText > push	99	104	call	push	captured	0	1		files	out	out.push(citation);
main	scripts/premises.ts	105	3	citationsFromText	95	130	prop	=	module	0	1		files	LINK_RE	LINK_RE.lastIndex = 0;
main	scripts/premises.ts	121	7	citationsFromText	95	130	prop	=	module	0	1		files	PATH_RE	PATH_RE.lastIndex = 0;
main	scripts/probe-confine.ts	393	11	formatTable > row	392	394	call	push	captured	0	1		env,files	lines	lines.push(` ${need.padEnd(16)} ${status.padEnd(12)} ${detail}`);
main	scripts/reach.ts	305	11	toolCallsFromEvents > add	298	307	call	push	captured	0	1		env,files,os	calls	calls.push({ name: text(name) || "tool", input: rec(input), output, exitCode, direct });
main	scripts/reach.ts	876	12	addMainChanges > callback of ties.filter	873	878	call	add	captured	0	1		env,files,os	seen	seen.add(key);
main	scripts/reach.ts	880	15	addMainChanges	851	916	call	push	param	0	1		env,files,os	touches	touches.push({
main	scripts/reach.ts	892	15	addMainChanges	851	916	call	push	param	0	1		env,files,os	touches	touches.push({
main	scripts/reach.ts	905	13	addMainChanges	851	916	call	push	param	0	1		env,files,os	touches	touches.push({
main	scripts/review-decide.ts	172	14	decide > callback of lines.forEach	165	231	call	push	captured	0	1		files	faults	faults.push(`actions.jsonl line ${n} is not JSON`);
main	scripts/review-decide.ts	176	14	decide > callback of lines.forEach	165	231	call	push	captured	0	1		files	faults	faults.push(`actions.jsonl line ${n} is not an action object`);
main	scripts/review-decide.ts	182	14	decide > callback of lines.forEach	165	231	call	push	captured	0	1		files	faults	faults.push(`actions.jsonl line ${n} has no action`);
main	scripts/review-decide.ts	188	16	decide > callback of lines.forEach	165	231	call	push	captured	0	1		files	faults	faults.push(
main	scripts/review-decide.ts	197	16	decide > callback of lines.forEach	165	231	call	push	captured	0	1		files	faults	faults.push(
main	scripts/review-decide.ts	204	16	decide > callback of lines.forEach	165	231	call	push	captured	0	1		files	faults	faults.push(`actions.jsonl line ${n}: a finding with round ${rnd || "none"}, not rN`);
main	scripts/review-decide.ts	214	16	decide > callback of lines.forEach	165	231	call	push	captured	0	1		files	faults	faults.push(
main	scripts/review-decide.ts	220	17	decide > callback of lines.forEach	165	231	call	add	captured	0	1		files	seenPairs	seenPairs.add(pair);
main	scripts/review-decide.ts	224	20	decide > callback of lines.forEach	165	231	call	set	captured	0	1		files	roundsSeen	roundsSeen.set(target, set);
main	scripts/review-decide.ts	227	14	decide > callback of lines.forEach	165	231	call	set	captured	0	1		files	latest	latest.set(target, { sev, rnd: rndN, cls });
main	scripts/review-decide.ts	229	15	decide > callback of lines.forEach	165	231	call	push	captured	0	1		files	applies	applies.push({ n, targets: pyWords(pyStr(rec.detail, !("detail" in rec))) });
main	scripts/review-findings.ts	265	64	rawDecodeJson > skipWs	262	268	rebind	++	captured	0	1		env,files,os	i	if (c === " " || c === "\t" || c === "\n" || c === "\r") i++;
main	scripts/review-findings.ts	270	5	rawDecodeJson > parseString	269	324	rebind	++	captured	0	1		env,files,os	i	i++;
main	scripts/review-findings.ts	276	9	rawDecodeJson > parseString	269	324	rebind	++	captured	0	1		env,files,os	i	i++;
main	scripts/review-findings.ts	283	11	rawDecodeJson > parseString	269	324	rebind	+=	captured	0	1		env,files,os	i	i += 2;
main	scripts/review-findings.ts	286	11	rawDecodeJson > parseString	269	324	rebind	+=	captured	0	1		env,files,os	i	i += 2;
main	scripts/review-findings.ts	289	11	rawDecodeJson > parseString	269	324	rebind	+=	captured	0	1		env,files,os	i	i += 2;
main	scripts/review-findings.ts	292	11	rawDecodeJson > parseString	269	324	rebind	+=	captured	0	1		env,files,os	i	i += 2;
main	scripts/review-findings.ts	295	11	rawDecodeJson > parseString	269	324	rebind	+=	captured	0	1		env,files,os	i	i += 2;
main	scripts/review-findings.ts	298	11	rawDecodeJson > parseString	269	324	rebind	+=	captured	0	1		env,files,os	i	i += 2;
main	scripts/review-findings.ts	303	11	rawDecodeJson > parseString	269	324	rebind	+=	captured	0	1		env,files,os	i	i += 6;
main	scripts/review-findings.ts	310	17	rawDecodeJson > parseString	269	324	rebind	+=	captured	0	1		env,files,os	i	i += 6;
main	scripts/review-findings.ts	321	9	rawDecodeJson > parseString	269	324	rebind	++	captured	0	1		env,files,os	i	i++;
main	scripts/review-findings.ts	332	7	rawDecodeJson > parseValue	325	362	rebind	+=	captured	0	1		env,files,os	i	i += 4;
main	scripts/review-findings.ts	336	7	rawDecodeJson > parseValue	325	362	rebind	+=	captured	0	1		env,files,os	i	i += 5;
main	scripts/review-findings.ts	340	7	rawDecodeJson > parseValue	325	362	rebind	+=	captured	0	1		env,files,os	i	i += 4;
main	scripts/review-findings.ts	344	7	rawDecodeJson > parseValue	325	362	rebind	+=	captured	0	1		env,files,os	i	i += 3;
main	scripts/review-findings.ts	348	7	rawDecodeJson > parseValue	325	362	rebind	+=	captured	0	1		env,files,os	i	i += 8;
main	scripts/review-findings.ts	352	7	rawDecodeJson > parseValue	325	362	rebind	+=	captured	0	1		env,files,os	i	i += 9;
main	scripts/review-findings.ts	355	5	rawDecodeJson > parseValue	325	362	prop	=	module	0	1		env,files,os	JSON_NUM	JSON_NUM.lastIndex = i;
main	scripts/review-findings.ts	358	7	rawDecodeJson > parseValue	325	362	rebind	+=	captured	0	1		env,files,os	i	i += m[0].length;
main	scripts/review-findings.ts	364	5	rawDecodeJson > parseArray	363	384	rebind	++	captured	0	1		env,files,os	i	i++;
main	scripts/review-findings.ts	368	7	rawDecodeJson > parseArray	363	384	rebind	++	captured	0	1		env,files,os	i	i++;
main	scripts/review-findings.ts	375	9	rawDecodeJson > parseArray	363	384	rebind	++	captured	0	1		env,files,os	i	i++;
main	scripts/review-findings.ts	378	9	rawDecodeJson > parseArray	363	384	rebind	++	captured	0	1		env,files,os	i	i++;
main	scripts/review-findings.ts	386	5	rawDecodeJson > parseObject	385	424	rebind	++	captured	0	1		env,files,os	i	i++;
main	scripts/review-findings.ts	390	7	rawDecodeJson > parseObject	385	424	rebind	++	captured	0	1		env,files,os	i	i++;
main	scripts/review-findings.ts	398	7	rawDecodeJson > parseObject	385	424	rebind	++	captured	0	1		env,files,os	i	i++;
main	scripts/review-findings.ts	415	9	rawDecodeJson > parseObject	385	424	rebind	++	captured	0	1		env,files,os	i	i++;
main	scripts/review-findings.ts	418	9	rawDecodeJson > parseObject	385	424	rebind	++	captured	0	1		env,files,os	i	i++;
main	scripts/review-findings.ts	619	13	walkJson	617	627	call	push	param	0	1		env,files,os	strings	strings.push(value);
main	scripts/review-findings.ts	622	35	walkJson	617	627	call	push	param	0	1		env,files,os	cited	if (fileValue !== null) cited.push([fileValue, firstPresent(value, LINE_KEYS)]);
main	scripts/review-findings.ts	1116	22	parseReport > callback of items.forEach	1114	1121	call	push	captured	0	1		env,files,os	normalized	normalized.push(normalizeItem(item, harness, scratch));
main	scripts/review-findings.ts	1187	14	readEvents > callback of lines.forEach	1184	1191	call	push	captured	0	1		env,files,os	events	events.push(JSON.parse(line) as unknown);
main	scripts/review-findings.ts	1355	13	harvest > callback of wanted.forEach	1326	1356	call	push	captured	0	1	files	env,files,os	planned	planned.push([resolved, destination]);
main	scripts/review-page.ts	68	5	scrub > callback of text.replace	66	70	rebind	+=	captured	0	1		files	removed	removed += 1;
main	scripts/review-page.ts	232	5	buildChange > callback of files.map	226	234	rebind	+=	captured	0	1		files	removed	removed += diff.removed + (text ? text.removed : 0);
main	scripts/review-page.ts	243	12	buildChange > callback of items.forEach	241	244	call	set	captured	0	1		files	chunks	chunks.set(k, [...(chunks.get(k) ?? []), it]);
main	scripts/review-page.ts	286	5	buildFiles > callback of paths.map	284	290	rebind	+=	captured	0	1	files	files	removed	removed += t.removed;
main	scripts/review-round.ts	94	11	stateCmd > fall	93	97	call	push	captured	0	1		clock,files	err	err.push(`review-round: ${why}; the round's time limit is the default, ${def}s`);
main	scripts/review-round.ts	95	7	stateCmd > fall	93	97	rebind	=	captured	0	1		clock,files	limit	limit = def;
main	scripts/review-round.ts	96	7	stateCmd > fall	93	97	rebind	=	captured	0	1		clock,files	source	source = "the default";
main	scripts/review-round.ts	279	7	record	274	286	prop	=	global	0	1		clock,files	globalThis as Record<string, unknown>	(globalThis as Record<string, unknown>).UNRECORDED = 1;
main	scripts/review-round.ts	284	7	record	274	286	prop	=	global	0	1		clock,files	globalThis as Record<string, unknown>	(globalThis as Record<string, unknown>).UNRECORDED = 1;
main	scripts/review-round.ts	340	5	(module)	0	0	prop	=	global	0	1	clock,files	clock,files	globalThis as Record<string, unknown>	(globalThis as Record<string, unknown>).UNRECORDED = 0;
main	scripts/reviewers.ts	66	9	resolved > fail1	65	68	call	push	captured	0	1		env,files	err	err.push(msg);
main	scripts/reviewers.ts	70	9	resolved > fail2	69	72	call	push	captured	0	1		env,files	err	err.push(msg);
main	scripts/reviewers.ts	107	14	resolved > lanesOf	101	116	call	push	captured	0	1		env,files	faults	faults.push(`${where} is not a list of lane names`);
main	scripts/reviewers.ts	112	16	resolved > lanesOf	101	116	call	push	captured	0	1		env,files	faults	faults.push(`${where} names ${lane}, which is not a lane in [lanes]`);
main	scripts/reviewers.ts	193	9	lanes > fail1	192	195	call	push	captured	0	1		env,files	err	err.push(msg);
main	scripts/reviewers.ts	197	9	lanes > fail2	196	199	call	push	captured	0	1		env,files	err	err.push(msg);
main	scripts/run-log.ts	42	18	closeOpen > callback of lines.forEach	40	43	call	push	captured	0	1		env,clock,files	found	if (m) found.push({ i, m });
main	scripts/runs-status.ts	168	9	status > callback of walkFiles	164	172	rebind	=	captured	0	1	files	clock,files	newest	newest = Math.max(newest, st.mtimeMs / 1000);
main	scripts/runs-watch.ts	556	9	markNeeds	555	558	call	push	param	0	1		env,clock,files	needs	needs.push(`needs ${runName} ${next}`);
main	scripts/setup-order-acceptance.ts	70	11	accept > stale	68	73	call	push	captured	0	1		files	out	out.push(`${file}: still says ${label}`);
main	scripts/setup-order-acceptance.ts	71	7	accept > stale	68	73	rebind	+=	captured	0	1		files	fails	fails += 1;
main	scripts/setup-order-acceptance.ts	76	11	accept > missing	74	79	call	push	captured	0	1		files	out	out.push(`${file}: has no ${label}`);
main	scripts/setup-order-acceptance.ts	77	7	accept > missing	74	79	rebind	+=	captured	0	1		files	fails	fails += 1;
main	scripts/setup-order-acceptance.ts	90	11	accept > ordered	80	93	call	push	captured	0	1		files	out	out.push(`${file}: ${label}`);
main	scripts/setup-order-acceptance.ts	91	7	accept > ordered	80	93	rebind	+=	captured	0	1		files	fails	fails += 1;
main	scripts/skill-refs.ts	76	41	refs > callback of text.replace	69	82	rebind	+=	captured	0	1		files	count	if (before.endsWith("<tool>/")) count += 1;
main	scripts/skill-refs.ts	100	7	refs	40	157	prop	=	module	0	1	files	files	REF	REF.lastIndex = 0;
main	scripts/style-findings.ts	163	3	stripJs	161	169	rebind	=	param	0	1		files	text	text = text.replace(new RegExp("/\\*" + DOT_ALL + "*?" + "\\*/", "gu"), " ");
main	scripts/style-findings.ts	359	18	read	353	362	call	set	this	0	1		files	this.cache	this.cache.set(p, ok ? data?.replace(/^\uFEFF/u, "") : null);
main	scripts/style-findings.ts	610	3	subst	609	618	rebind	=	param	0	1		files	line	line = line.replace(/\$\(MAKE\)|\$\{MAKE\}/gu, "make");
main	scripts/style-findings.ts	611	3	subst	609	618	rebind	=	param	0	1		files	line	line = line.replace(/\$\{[A-Za-z_][A-Za-z0-9_]*:?[-=]([^{}]*)\}/gu, "$1");
main	scripts/style-findings.ts	615	5	subst	609	618	rebind	=	param	0	1		files	line	line = next;
main	scripts/style-findings.ts	735	7	unwrap > past	733	738	rebind	+=	param	0	1		files	j	j += valued.includes(words[j]!) ? 2 : 1;
main	scripts/style-findings.ts	905	37	read	894	958	call	push	this	1	1		files	this.rules.get(t)?.recipe	this.rules.get(t)?.recipe.push(line.slice(1));
main	scripts/style-findings.ts	931	50	read	894	958	call	set	this	0	1		files	this.vars	if (!this.vars.has(name!)) this.vars.set(name!, value!);
main	scripts/style-findings.ts	933	23	read	894	958	call	set	this	0	1		files	this.vars	this.vars.set(name!, pyTrim(`${this.vars.get(name!) ?? ""} ${value!}`));
main	scripts/style-findings.ts	935	23	read	894	958	call	set	this	0	1		files	this.vars	this.vars.set(name!, op?.startsWith(":") ? this.expand(value!) : value!);
main	scripts/style-findings.ts	952	44	read	894	958	call	set	this	0	1		files	this.rules	if (!this.rules.has(t)) this.rules.set(t, { prereqs: [], recipe: [] });
main	scripts/style-findings.ts	953	36	read	894	958	call	push	this	1	1		files	this.rules.get(t)?.prereqs	this.rules.get(t)?.prereqs.push(...pyWords(this.expand(prereqs)).filter((p) => p !== "|"));
main	scripts/style-findings.ts	954	47	read	894	958	call	push	this	1	1		files	this.rules.get(t)?.recipe	if (inline) this.rules.get(t)?.recipe.push(inline);
main	scripts/style-findings.ts	955	76	read	894	958	prop	=	this	0	1		files	this	if (this.first === null && !t.startsWith(".") && !t.includes("%")) this.first = t;
main	scripts/style-findings.ts	982	18	shell	978	988	call	push	this	0	1		files	this.lines	this.lines.push({ where, line });
main	scripts/style-findings.ts	985	9	shell	978	988	rebind	=	param	0	1		files	cwd	cwd = keepCd ? after : cwd;
main	scripts/style-findings.ts	995	51	scan	990	1006	rebind	=	param	0	1		files	cwd	else if (val === ")" && saved.length > 0) cwd = saved.pop()!;
main	scripts/style-findings.ts	1000	7	scan	990	1006	rebind	=	param	0	1		files	cwd	cwd = newCwd;
main	scripts/style-findings.ts	1019	15	command	1008	1056	call	push	this	0	1		files	this.cmds	this.cmds.push({ where, words: w });
main	scripts/style-findings.ts	1067	25	package	1058	1073	call	push	this	0	1		files	this.warnings	this.warnings.push(`${p} does not parse, so no script of it was followed`);
main	scripts/style-findings.ts	1070	17	package	1058	1073	call	set	this	0	1		files	this.pkgs	this.pkgs.set(d, v);
main	scripts/style-findings.ts	1174	25	manager	1159	1208	rebind	=	param	0	1		files	cwd	if (d !== null) cwd = d;
main	scripts/style-findings.ts	1227	19	script	1221	1231	call	add	this	0	1		files	this.seen	this.seen.add(`script|${d}|${n}`);
main	scripts/style-findings.ts	1356	40	make	1281	1361	call	set	this	0	1		files	this.makes	if (!this.makes.has(k)) this.makes.set(k, new Makefile(this.t, p, d, sets));
main	scripts/style-findings.ts	1366	15	target	1363	1372	call	add	this	0	1		files	this.seen	this.seen.add(key);
main	scripts/style-findings.ts	1403	40	just	1374	1411	call	set	this	0	1		files	this.justs	if (!this.justs.has(p)) this.justs.set(p, parseJust(this.t.read(p) ?? ""));
main	scripts/style-findings.ts	1417	15	recipe	1413	1424	call	add	this	0	1		files	this.seen	this.seen.add(key);
main	scripts/style-findings.ts	1441	19	configs	1426	1449	call	add	this	0	1		files	this.seen	this.seen.add(`config|${p}`);
main	scripts/style-findings.ts	1442	20	configs	1426	1449	call	push	this	0	1		files	this.texts	this.texts.push({ where: p, text });
main	scripts/style-findings.ts	1445	35	configs	1426	1449	call	push	this	0	1		files	this.lines	if (trimmed) this.lines.push({ where: p, line: trimmed });
main	scripts/style-findings.ts	1453	15	file	1451	1458	call	add	this	0	1		files	this.seen	this.seen.add(`file|${p}`);
main	scripts/summary-evidence.ts	485	23	(module)	0	0	prop	=	global	0	1	files,proc,os	files,proc,os	process	if (import.meta.main) process.exitCode = main(process.argv.slice(2));
main	scripts/ticket-check.ts	176	5	uncomment	158	204	prop	=	module	0	1		env,files	TICKS	TICKS.lastIndex = i;
main	scripts/ticket-check.ts	430	55	check > fault	430	430	call	push	captured	0	1		env,files	faults	const fault = (part: string, msg: string) => faults.push(`${part}: ${msg}`);
main	scripts/ticket-check.ts	639	11	main	605	768	prop	=	global	0	1	env,files	env,files	process.env	process.env.POSTMASTER_PROJECT = realpathSync(project);
main	scripts/ticket-check.ts	706	3	main	605	768	prop	=	global	0	1	env,files	env,files	process.env	process.env.POSTMASTER_PROJECT = realpathSync(mode);
main	scripts/ticket-parts.ts	157	9	plainLineFindings	153	182	call	push	param	0	1		files	out	out.push({
main	scripts/ticket-parts.ts	166	11	plainLineFindings	153	182	call	push	param	0	1		files	out	out.push({ line: n, kind: "codelink", text: clip(url, 80) });
main	scripts/ticket-parts.ts	169	21	plainLineFindings	153	182	call	push	param	0	1		files	out	if (anchor) out.push({ line: n, kind: "line", text: anchor[0] });
main	scripts/ticket-parts.ts	179	11	plainLineFindings	153	182	call	push	param	0	1		files	out	out.push({ line: n, kind, text: clip(m[0], 60) });
main	scripts/ticket-parts.ts	203	20	collectItems > close	202	205	call	push	captured	0	1		files	items	if (cur) items.push({ line: cur.line, id: cur.id, text: cur.parts.join(" ").trim() });
main	scripts/ticket-parts.ts	204	5	collectItems > close	202	205	rebind	=	captured	0	1		files	cur	cur = null;
main	scripts/ticket-parts.ts	252	14	analyze > add	251	253	call	push	captured	0	1		files	findings	findings.push({ line, kind, text: msg });
main	scripts/ticket-ready.ts	468	5	main	459	606	prop	=	global	0	1	env,files	env,files,os	process.env	process.env.POSTMASTER_PROJECT = resolve(project);
main	scripts/ticket-ready.ts	498	5	main	459	606	prop	=	global	0	1	env,files	env,files,os	process.env	process.env.POSTMASTER_PROJECT = resolve(repo);
main	scripts/ticket-ready.ts	521	5	main	459	606	prop	=	global	0	1	env,files	env,files,os	process.env	process.env.POSTMASTER_PROJECT = resolve(repo);
main	scripts/ticket-ready.ts	594	3	main	459	606	prop	=	global	0	1	env,files	env,files,os	process.env	process.env.POSTMASTER_PROJECT = resolve(repo);
main	scripts/tool-faults.ts	286	3	profileRepo	284	296	prop	=	module	0	1	os	clock,files,os	PROFILE_HEAD_RE	PROFILE_HEAD_RE.lastIndex = 0;
main	scripts/tool-faults.ts	461	12	publish > hold	460	463	call	push	captured	0	1		clock,files,os	held	held.push(s);
main	scripts/tool-faults.ts	1022	3	settle	1015	1025	prop	=	param	0	1		clock,files,os	x	x.state = state;
main	scripts/tool-faults.ts	1023	3	settle	1015	1025	prop	=	param	0	1		clock,files,os	x	x.ticket = ticket;
main	scripts/turnpikes.ts	157	3	projectDefaults	138	160	rebind	=	module	0	1	env	env,files	cachedProject	cachedProject = project;
main	scripts/turnpikes.ts	158	3	projectDefaults	138	160	rebind	=	module	0	1	env	env,files	cachedDefaults	cachedDefaults = declared === undefined || declared === null ? null : declared;
main	scripts/turnpikes.ts	344	7	main	321	436	prop	=	global	0	1	env,files	env,files	process.env	process.env.POSTMASTER_PROJECT = rest[1];
main	scripts/turnpikes.ts	370	7	main	321	436	prop	=	global	0	1	env,files	env,files	process.env	process.env.POSTMASTER_PROJECT = rest[1];
main	scripts/usage.ts	489	20	sumDispatch > callback of readdirSync(logs) .sort() .flatMap	485	500	call	push	captured	0	1	files	files	unreadable	unreadable.push(`cost: ${file} could not be read`);
main	scripts/usage.ts	494	33	sumDispatch > callback of readdirSync(logs) .sort() .flatMap	485	500	call	push	captured	0	1	files	files	unreadable	if (!record) unreadable.push(`cost: ${file} could not be read`);
main	scripts/usage.ts	497	20	sumDispatch > callback of readdirSync(logs) .sort() .flatMap	485	500	call	push	captured	0	1	files	files	unreadable	unreadable.push(`cost: ${file} could not be read`);
main	scripts/usage.ts	571	5	(module)	0	0	prop	=	global	0	1	files	files	process	process.exitCode = 1;
main	scripts/verify-examples.ts	130	18	shlexSplit > flush	129	133	call	push	captured	0	1		env,files,os	out	if (has) out.push(cur);
main	scripts/verify-examples.ts	131	5	shlexSplit > flush	129	133	rebind	=	captured	0	1		env,files,os	cur	cur = "";
main	scripts/verify-examples.ts	132	5	shlexSplit > flush	129	133	rebind	=	captured	0	1		env,files,os	has	has = false;
main	scripts/verify-library.ts	102	22	listOrRun > walk	91	107	call	push	captured	0	1	files	env,files	files	else files.push(p);
main	scripts/verify-library.ts	122	5	listOrRun	64	215	prop	=	module	0	1	files	env,files	IMPORT	IMPORT.lastIndex = 0;
main	scripts/verify-library.ts	134	5	listOrRun	64	215	prop	=	module	0	1	files	env,files	TEST_CALL	TEST_CALL.lastIndex = 0;
main	scripts/verify.ts	545	3	_runOne	522	641	rebind	=	module	0	1	clock,files,proc	env,clock,files,proc,os	_runningPgid	_runningPgid = child.pid!;
main	scripts/verify.ts	552	9	_runOne > (arrow) > callback of setInterval	550	559	rebind	=	captured	0	1	clock	env,clock,files,proc,os	timedOut	timedOut = true;
main	scripts/verify.ts	569	7	_runOne > (arrow) > callback of child.on	561	639	rebind	=	module	0	1	clock,files	env,clock,files,proc,os	_runningPgid	_runningPgid = null;
main	scripts/view-stream.ts	228	5	muse	223	259	rebind	+=	module	0	1		env,clock,files	museSaid	museSaid += strOrEmpty(p.text);
main	scripts/view-stream.ts	232	5	muse	223	259	rebind	=	module	0	1		env,clock,files	museSaid	museSaid = ""; // the result line carries this text
main	scripts/view-stream.ts	242	5	muse	223	259	rebind	=	module	0	1		env,clock,files	museSaid	museSaid = "";
main	scripts/view-stream.ts	266	5	flushSaid	261	268	rebind	=	module	0	1		env,clock,files	museSaid	museSaid = "";
main	scripts/view-stream.ts	281	18	mimo	274	300	call	add	module	0	1		env,clock,files	mimoSessions	mimoSessions.add(sid);
main	scripts/view-stream.ts	337	9	render	307	426	rebind	=	module	0	1		env,clock,files	lastSaid	lastSaid = pyTrim(said);
main	scripts/view-stream.ts	431	3	generic	428	437	rebind	=	module	0	1		env,clock,files	lastGeneric	lastGeneric = t;
main	scripts/view-stream.ts	895	7	show	880	905	rebind	=	module	0	1		env,clock,files	lastGeneric	lastGeneric = null;
main	scripts/view-stream.ts	949	7	utf8Stream > feed	944	962	rebind	=	captured	0	1		env,clock,files	carry	carry = new Uint8Array(0);
main	scripts/view-stream.ts	960	5	utf8Stream > feed	944	962	rebind	=	captured	0	1		env,clock,files	carry	carry = raw.slice(raw.length - hold);
main	scripts/view-stream.ts	975	5	popCompleteLines	971	980	rebind	=	param	0	1		env,clock,files	buf	buf = buf.slice(0, -1);
main	scripts/view-stream.ts	987	20	view	982	1079	call	shift	param	0	1	clock,files	env,clock,files	args	const a = args.shift()!;
main	scripts/view-stream.ts	988	41	view	982	1079	call	shift	param	0	1	clock,files	env,clock,files	args	if (a === "--follow") follow = args.shift() ?? null;
main	scripts/view-stream.ts	989	49	view	982	1079	call	shift	param	0	1	clock,files	env,clock,files	args	else if (a === "--pid") pid = parseInt(args.shift() ?? "", 10);
main	scripts/view-stream.ts	990	52	view	982	1079	call	shift	param	0	1	clock,files	env,clock,files	args	else if (a === "--from") start = parseInt(args.shift() ?? "", 10);
main	scripts/view-stream.ts	1004	5	view	982	1079	rebind	=	module	0	1	clock,files	env,clock,files	width	width = Math.min(Math.max(40, columns - 10), Math.max(1, columns - 9));
main	scripts/view-stream.ts	1006	5	view	982	1079	rebind	=	module	0	1	clock,files	env,clock,files	width	width = 160;
main	scripts/view-stream.ts	1093	5	readRemaining	1081	1096	rebind	+=	param	0	1	files	env,clock,files	pos	pos += n;
main	scripts/wiki-lint.ts	69	12	lint > fault	68	70	call	push	captured	0	1		files	faults	faults.push(`${relPath(p, repo)}: ${msg}`);
main	scripts/wiki-lint.ts	84	43	lint > walk	73	89	call	push	captured	0	1	files	files	pages	else if (n.endsWith(".md")) pages.push(p);
