item	label	module	line	col	function	fn_start	fn_end	op	how	root	alias	first	fn_tags	module_tags	target	source_line
1	main	scripts/host.ts	4344	10	legStart	4043	4393	prop	=	global	0	1	env,clock,files	env,clock,files,proc,os	process.env	else process.env.POSTMASTER_ATTEMPT_PHASE = savedPhase;
2	main	scripts/host-self-test.ts	2959	7	runControls	958	6614	rebind	=	module	0	1	env,clock,files,proc	env,clock,files,proc	finishDelay	finishDelay = "0.1";
3	main	scripts/style-findings.ts	1366	15	target	1363	1372	call	add	this	0	1		files	this.seen	this.seen.add(key);
4	main	scripts/launch.ts	1016	40	collectErrorText	1014	1031	call	push	param	0	1		env,clock,files,proc,os	into	if (MESSAGE_KEYS.has(parent)) into.push(value);
5	main	scripts/review-findings.ts	303	11	rawDecodeJson > parseString	269	324	rebind	+=	captured	0	1		env,files,os	i	i += 6;
6	main	scripts/fixture.ts	73	3	(module)	0	0	delete	delete	global	0	1	env,files,os	env,files,os	process.env	delete process.env[k];
7	main	scripts/view-stream.ts	988	41	view	982	1079	call	shift	param	0	1	clock,files	env,clock,files	args	if (a === "--follow") follow = args.shift() ?? null;
8	main	scripts/parallel-runs-acceptance.ts	193	18	walkInto	162	202	call	delete	param	0	1	files	files	ancestry	ancestry.delete(key);
9	main	scripts/plane.ts	199	49	handleStartTag	184	201	call	push	this	0	1		env,clock,files	this.stack[this.stack.length - 1]?.children	this.stack[this.stack.length - 1]?.children.push(node);
10	main	scripts/plane.ts	887	14	shape > blocks	851	891	call	push	captured	0	1		env,clock,files	toks	toks.push(`</${c.tag}>`);
11	main	scripts/view-stream.ts	987	20	view	982	1079	call	shift	param	0	1	clock,files	env,clock,files	args	const a = args.shift()!;
12	main	scripts/setup-order-acceptance.ts	70	11	accept > stale	68	73	call	push	captured	0	1		files	out	out.push(`${file}: still says ${label}`);
13	main	scripts/launch.ts	1867	3	(module)	0	0	delete	delete	global	0	1	env,clock,files,proc,os	env,clock,files,proc,os	process.env	delete process.env.POSTMASTER_ATTEMPT_PHASE;
14	main	scripts/plane.ts	847	12	shape > para	840	849	call	push	captured	0	1		env,clock,files	toks	toks.push(open_, ...inner, close);
15	main	scripts/review-round.ts	94	11	stateCmd > fall	93	97	call	push	captured	0	1		clock,files	err	err.push(`review-round: ${why}; the round's time limit is the default, ${def}s`);
16	main	scripts/fixture.ts	220	5	makeAndFile	215	300	rebind	=	param	0	1	env,files,os	env,files,os	dest	dest = join(process.env.POSTMASTER_FIXTURES || join(home, "Code", "fixtures"), dest);
17	main	scripts/view-stream.ts	960	5	utf8Stream > feed	944	962	rebind	=	captured	0	1		env,clock,files	carry	carry = raw.slice(raw.length - hold);
18	main	scripts/host-self-test.ts	424	5	tmuxStubInner > launch	420	462	prop	=	captured	0	1	env,files,proc	env,clock,files,proc	st.windows	st.windows[win] = { session, name: opt(args, "-n"), opts: {}, panes: { [pane]: { opts: {} } } };
19	main	scripts/setup-order-acceptance.ts	71	7	accept > stale	68	73	rebind	+=	captured	0	1		files	fails	fails += 1;
20	main	scripts/view-stream.ts	989	49	view	982	1079	call	shift	param	0	1	clock,files	env,clock,files	args	else if (a === "--pid") pid = parseInt(args.shift() ?? "", 10);
21	main	scripts/lib/text.ts	504	3	isDigitChar	503	506	prop	=	module	0	1			ND_ONE	ND_ONE.lastIndex = 0;
22	main	scripts/host-self-test.ts	5423	9	runControls > callback of starter.once	5422	5424	rebind	=	captured	0	1		env,clock,files,proc	starterGone	starterGone = true;
23	main	scripts/ticket-parts.ts	166	11	plainLineFindings	153	182	call	push	param	0	1		files	out	out.push({ line: n, kind: "codelink", text: clip(url, 80) });
24	main	scripts/launch.ts	916	5	noteStructured	882	920	prop	=	param	0	1		env,clock,files,proc,os	st	st.unknown = true;
25	main	scripts/style-findings.ts	610	3	subst	609	618	rebind	=	param	0	1		files	line	line = line.replace(/\$\(MAKE\)|\$\{MAKE\}/gu, "make");
26	main	scripts/style-findings.ts	952	44	read	894	958	call	set	this	0	1		files	this.rules	if (!this.rules.has(t)) this.rules.set(t, { prereqs: [], recipe: [] });
27	main	scripts/lib/wall.ts	206	35	parseWallReset > callback of text.replace	196	208	call	push	captured	0	1			cands	if (instant !== null) cands.push(instant);
28	main	scripts/host.ts	4343	35	legStart	4043	4393	delete	delete	global	0	1	env,clock,files	env,clock,files,proc,os	process.env	if (savedPhase === undefined) delete process.env.POSTMASTER_ATTEMPT_PHASE;
29	main	scripts/review-round.ts	279	7	record	274	286	prop	=	global	0	1		clock,files	globalThis as Record<string, unknown>	(globalThis as Record<string, unknown>).UNRECORDED = 1;
30	main	scripts/review-findings.ts	283	11	rawDecodeJson > parseString	269	324	rebind	+=	captured	0	1		env,files,os	i	i += 2;
