key	label	cost	confidence	by_construction	family	property_or_extract	reason
202/bug-1	neither	-	arguable	no	classifier-inference		Whether a call was refused is read from the call's free-text output as a whole; the only oracle is what changed on disk, which the run later observed instead.
202/bug-2	prop	cheap	clear	no	classifier-syntax	The writes found in two commands joined by a newline are the union of the writes found in each.	A string-to-set function; a generator of small commands finds it at once.
202/sec-1	both	-	clear	no	restore	Restoring a round changes only the refs and files the round changed. Extract: planRestore(snapshot refs, current refs, worktree state) returning the actions to take.	Restore reset refs and a worktree that had not moved; the decision sat inline with git calls, so a test needed real repositories; as a plan over a ref map the law is one line.
202/bug-3	prop	cheap	clear	no	classifier-syntax	cd D then c reports what c reports with relative paths taken from D; when D cannot be resolved, later relative paths are reported as unresolved, never as inside.	A metamorphic law over the command text; no effect is needed to state or check it.
202/bug-4	prop	heavy	arguable	no	classifier-semantics	For each git subcommand in the closed list, the reported writes equal the refs and files that changed when it ran in a temporary repository.	The oracle is real git run in a sandbox, and the generator needs the list of ways git names branches and tags.
202/bug-5	prop	cheap	arguable	no	classifier-syntax	A path inside the lane's own folder is reported as expected, however the command is grouped (braces, subshell).	A law from the ticket (inside is expected); the grouping shapes are a closed list.
202/bug-6	prop	cheap	clear	no	policy	A read of any path in the ticket's normal-read categories (outside HOME and the repository, the tool checkout, the brief) is not reported.	The ticket lists the categories (D7); a table of one path per category and its boundaries is the generator.
202/bug-11	prop	cheap	clear	no	card-escaping	For any path string the rendered card block keeps its own structure and parses back to the same findings.	A render and parse round trip over hostile strings (newlines, backticks, pipes, hashes).
202/sec-2	prop	heavy	arguable	no	classifier-semantics	git -c key=value and git config operands are never counted as paths written.	Needs git's own grammar for the oracle; real git in a sandbox.
202/sec-3	prop	cheap	clear	no	classifier-semantics	A read-only git subcommand never reports a write, whatever refs it names.	The ticket lists the read-only subcommands; the law is the statement itself.
202/sec-4	both	-	arguable	no	restore	A restore from a snapshot that lacks its metadata changes nothing. Extract: planRestore returns a refusal when the snapshot is incomplete.	The decision to reset ran before checking the data it needed; with the snapshot as data the incomplete case is one example, and the safety law is one line.
202/style-1	prop	cheap	clear	no	classifier-syntax	Quoting text never changes the reported writes: for any text t, echo 't' reports no write.	A law over quoting; the text alphabet is a closed list of shell metacharacters.
202/bug-14	both	-	clear	no	environment	A git call's result does not depend on the ambient GIT_* variables. Extract: gitEnv(base environment) returning the environment git runs with.	The environment is read inside the helper that spawns git; as data the test sets GIT_DIR and expects it gone.
202/bug-15	prop	cheap	clear	no	classifier-syntax	Wrapping a command in a double-quoted substitution does not change its reported writes.	A metamorphic law over the command text.
202/bug-16	both	-	arguable	no	attribution	A change is attributed to a lane only if its record names the path or the ref (D2), and a file rides a move only if the move changed it. Extract: attribute(changes, lane records, moved files).	Attribution was interleaved with five git reads; as a function of tables of changes and records it is checked with data.
202/bug-17	prop	cheap	clear	no	card-escaping	For any reason string the rendered card block keeps its own structure.	Same round trip as bug-11.
202/bug-21	prop	cheap	clear	no	classifier-syntax	Appending 2>&1 to a command does not change its reported writes.	A metamorphic law over the command text.
202/bug-22	both	-	clear	no	restore	For every state of the synthesis worktree (attached, detached) a restore returns to the snapshot. Extract: planRestore over a worktree state value.	A case missing from a small state space (attached or detached, ref present or not) that exhaustive small cases over a plan find.
202/bug-23	both	-	clear	no	read-error	An unreadable record is never reported as checked (D13). Extract: laneStatus(read result), where the result can be an error.	A read failure became an empty list inside the reader; as a value the error is one example, and D13 is the law.
202/bug-26	prop	cheap	arguable	no	classifier-syntax	A write whose target cannot be resolved is reported as an unresolved write, never as a read.	A fail-safe law; the ticket's own notes said to skip unresolved paths, so the law is general, not from the ticket.
202/bug-27	prop	cheap	arguable	no	classifier-syntax	A write or delete under a glob or an unset variable is never reported clean.	The same fail-safe law as bug-26.
202/bug-30	prop	cheap	arguable	no	classifier-syntax	A file tool's path holding a variable or a glob is reported as unresolved, never dropped.	The same fail-safe law as bug-26, for file tools.
202/bug-33	both	-	clear	no	classifier-semantics	An operand a command writes is reported whatever its spelling. Extract: classify(command, role table) deciding paths by operand role, not by probing the filesystem.	Whether a bare word is a path was decided by existsSync inside the classifier, so the answer depended on the disk at analysis time.
202/bug-35	prop	cheap	clear	no	card-escaping	For any not-checked reason the card prints it in a form that cannot break the block.	Same round trip as bug-11.
202/bug-36	neither	-	arguable	no	protocol-prose		A step order in runbook prose (restore after a faulted check); a model of a design that has the rule does not flag prose that forgot it.
202/bug-39	neither	-	arguable	no	classifier-inference		A tension between failing closed and precision, settled by each tool's argument roles; no law states it, and the ticket's notes did not.
202/bug-46	prop	cheap	clear	no	classifier-syntax	A substitution inside a write command does not hide the outer write.	A metamorphic law over the command text.
202/bug-47	prop	heavy	arguable	no	classifier-semantics	For cp, the destination is reported as written whatever substitutions the operands hold.	The oracle is real cp in a sandbox.
202/bug-49	prop	heavy	arguable	no	classifier-semantics	Every spelling of sed's in-place option is reported as a write.	The oracle is real sed; the generator needs sed's option list.
202/bug-50	prop	heavy	clear	no	location	A check's result does not depend on where the repository is (spaces, quotes, non-ASCII in the path).	Needs temporary repositories at odd paths; the oracle is the same check at a plain path.
202/bug-51	both	-	clear	no	restore	A restore returns to the snapshot whether or not a run branch still exists. Extract: planRestore over a ref map in which refs can be absent.	A missing case in the same small state space as bug-22.
202/bug-53	prop	cheap	clear	no	card-escaping	No path outside the project appears on the card (D18).	The ticket states the rule; the generator is a list of path shapes (~/x, $HOME/x, ../x, unresolved).
202/bug-57	both	-	arguable	no	restore	A restore changes nothing outside the synthesis worktree it was given, whatever that path is (directory, symlink, file, missing). Extract: guard(stat of the path, repository root).	The guard used a lexical check; as a function of stat data a symlink is one example, and the safety law is one line.
202/bug-58	both	-	clear	no	attribution	When several lanes' records explain one change, every one of them is named. Extract: attribute(changes, lane records) returning all owners.	owners[0] was taken from a list; a table with two owners fails it at once, and building the case with real repositories had not been tried.
216/bug-1	prop	cheap	clear	no	scanner-soundness	A private value placed anywhere in a line is flagged, whatever else the line holds.	A function of text; a metamorphic law over code-looking prefixes.
216/bug-2	both	-	clear	yes	environment	The scan's result does not depend on the ambient SCRUB_CHECK_DISABLE. Extract: scan(text, explicit config) with the environment read only at the edge.	The ambient variable reached the scan through a merged environment; the style lens reported env reads in core in the same round.
216/bug-3	prop	cheap	clear	no	filesystem-edge	A promote writes nothing outside the repository, whatever symlinks the destination path holds.	Temporary trees with a symlink at each ancestor level; the oracle is that nothing outside changed.
216/bug-4	prop	cheap	clear	no	integrity	Any single-byte change to a bundle fails --check.	A mutation law over the bundle text.
216/bug-5	prop	cheap	arguable	no	card-content	The block depends only on the run's own inputs: two runs with different inputs give blocks that differ exactly there.	A differential over two inputs; arguable because the ticket's wording did not say the card is free of constants.
216/bug-7	prop	heavy	clear	no	scanner-agreement	Scanning a commit range and scanning the same content as files give the same findings, for any text encoding.	Two paths to one answer; needs git for the range path.
216/bug-9	prop	cheap	clear	no	limit	For any number of suspects the block renders and parses back.	A size sweep over a pure renderer.
216/bug-10	both	-	clear	yes	environment	The result does not depend on the ambient DISABLE variable, in promote, tree-check and the gate chain. Extract: one config value built at the edge and passed down.	The same class as bug-2, found again two rounds later in other entries of the same tool.
216/bug-11	prop	cheap	clear	no	limit	A record nested to any depth is judged, and a depth limit fails closed.	A depth sweep over a pure JSON walk.
216/bug-12	prop	cheap	clear	no	integrity	Stripping markers from a valid record yields a valid record or a refusal.	A validity law over generated records; the oracle is JSON.parse.
216/bug-14	prop	cheap	clear	no	hidden-state	Scanning the same text twice gives the same findings.	A shared /g/ regex kept state between calls; running a scan twice shows it.
216/bug-15	both	-	arguable	no	agreement	Everything promote writes passes tree-check. Extract: scrubRecord(record) and treeCheckRecord(record) as functions of one record.	Two scripts disagreed about one predicate; as functions of data the pair is checked in process.
216/bug-16	both	-	arguable	yes	forgotten-effect	A failing check logs at least one finding. Extract: check(tree) returning findings, with logging done once at the edge.	One finding class never reached the log call; if the findings are the return value, the exit status and the log are both derived from it.
216/bug-17	both	-	arguable	yes	forgotten-effect	A draft scan leaves the detections log unchanged. Extract: scanDraft(text) returning findings and logging nothing.	A mode that should not log did; a pure scan cannot log.
216/sec-2	prop	heavy	clear	no	output	No message the tool prints contains a value the scanner would flag: scan the tool's own output.	The tool's output is the oracle's input; needs the tool run on odd file names.
216/sec-3	prop	heavy	clear	no	interface-fact	Recreating a commit whose message needs no change gives the same commit id.	A round trip checked by git's own ids; needs temporary repositories.
216/sec-4	prop	cheap	clear	no	integrity	Any single-byte change to a bundle fails --check, including the header lines.	The same mutation law as bug-4.
252/bug-1	prop	heavy	clear	no	encoding-edge	Saving then restoring any file's bytes returns the same bytes.	A round trip over random bytes, including non-UTF-8; needs tar and git.
252/bug-2	both	-	clear	no	pid-reuse	A process group is signalled only when the launch record names this run's folder and the recorded start time matches. Extract: decideStop(record, process table, run folder, boot id).	The decision read the process table and killed in the same function; with the table as data a reused pid is one row.
252/bug-3	both	-	clear	no	exit-status	The exit status is zero only when every step finished. Extract: exitFor(steps).	A step that was left still let the run close and exit 0; as a list of step outcomes the law is one line.
252/bug-4	both	-	clear	no	read-error	A read error is not an empty answer. Extract: candidates(read result, ticket), where the read result can be an error.	Anchor: a catch turned a failed read into an empty list inside the function that decides the candidates.
252/bug-5	both	-	arguable	no	idempotence	A closing line counts as written only if an entry equals it, and running the command twice gives what running it once does.	A substring test beside a file read, and a rerun that faulted; a pure entry check and a rerun law cover both.
252/bug-14	prop	heavy	arguable	no	state-catalogue	After saving and removing a folder, every path that differed from what git holds is in the save.	A missed kind of unsaved state (a dirty submodule); needs a catalogue of states and real repositories.
252/bug-15	prop	heavy	arguable	no	state-catalogue	After saving and removing a folder, every commit and resolution that was only in the folder is in the save.	A missed kind of unsaved state (an unbranched merge); needs real repositories.
252/bug-16	both	-	clear	yes	dry-run-parity	The dry run's plan equals what the real run does when nothing changes in between. Extract: plan(state) consumed by both the dry run and the real run.	The dry run re-implemented each refusal inline, so each new refusal needed its own twin; one plan consumed by both removes the class.
252/bug-17	prop	cheap	clear	no	pure-already	A comment counts as present only when an entry equals it, never when a longer entry contains it.	Anchor: a pure function of two strings that used includes.
252/bug-18	both	-	clear	yes	dry-run-parity	The dry run exits as the real run would when nothing changes. Extract: plan(state) consumed by both.	The same class as bug-16: a live preview the real run stops and closes held the dry run.
252/bug-22	both	-	clear	no	environment	A git call's result does not depend on the ambient GIT_* variables. Extract: gitEnv(base environment).	Anchor: git calls honoured GIT_DIR and GIT_WORK_TREE from the environment.
252/bug-23	both	-	clear	yes	dry-run-parity	The dry run promises a pin release only if the real run will make it. Extract: plan(state) consumed by both.	The same class as bug-16, for locked pins; the previous round closed the locked folders and the next found the pins.
252/bug-24	prop	heavy	clear	no	encoding-edge	The paths parsed from git's output equal the names on disk, for any file name.	A round trip over file names with spaces, quotes and non-ASCII; needs real repositories.
252/bug-25	both	-	arguable	no	adapter-contract	Every adapter call the tool builds is accepted by that adapter, for each tracker kind. Extract: adapterCall(kind, repo, ticket) returning the argument list.	The argument list was built inline with the spawn; the adapter's own usage line is an oracle independent of the author.
268/bug-1	prop	heavy	arguable	yes	scanner-vs-tool	When any line a directive really covers is edited, the approval identity changes.	The oracle is real Biome probing which lines a directive suppresses; a conservative window removes the class.
268/bug-2	prop	heavy	arguable	no	scanner-vs-tool	The lines the scanner says a directive covers include every line the real linter suppresses.	A differential against real Oxlint.
268/bug-5	neither	-	clear	no	protocol-prose		Anchor: a step the runbook prose left out; nothing to run, and a model cannot flag prose that forgot a step.
268/bug-6	neither	-	clear	no	protocol-prose		Anchor: runbook prose that misdescribed a state and a remedy.
268/bug-7	prop	cheap	arguable	no	scanner-vs-tool	Every suppression form the TypeScript compiler honours is found by the scanner.	A differential against the compiler's own scanner, which runs in process.
268/security-4	prop	cheap	arguable	no	scanner-vs-tool	The lines the scanner says a TS block directive covers include every line tsc suppresses.	A differential against the TypeScript compiler API in process.
268/security-5	prop	cheap	arguable	yes	scanner-vs-tool	The scanner's next-line identity changes whenever the line tsc suppresses is edited.	A differential against the TypeScript compiler API; a conservative window removes the class.
268/bug-8	prop	heavy	arguable	no	scanner-vs-tool	Block rules cover every line the real Oxlint suppresses.	A differential against real Oxlint.
268/security-6	prop	heavy	arguable	no	scanner-vs-tool	Block directives cover every line the real Biome suppresses.	A differential against real Biome.
268/bug-9	prop	cheap	arguable	no	scanner-lexing	A directive at the end of a line is found whatever the line's earlier text holds (strings, regexes, JSX text).	A metamorphic law over lines of source; reference: the TypeScript scanner in process.
268/security-7	prop	cheap	arguable	no	scanner-lexing	The same law as bug-9, with JSX text holding an apostrophe.	The alphabet of generated text must include quotes and apostrophes in JSX position.
268/security-8	prop	cheap	arguable	no	scanner-lexing	The same law as bug-9, with a slash after a closing parenthesis (division against regex).	The classic regex-or-division ambiguity; a generator over token sequences finds it.
268/security-9	prop	cheap	arguable	no	scanner-lexing	The same law as bug-9, with a slash after ++.	The same ambiguity as security-8.
268/security-10	prop	cheap	arguable	no	scanner-lexing	The same law as bug-9, with U+2028 inside strings and regexes.	Found by any generator whose alphabet includes the Unicode line terminators.
268/bug-10	prop	cheap	clear	no	agreement	The function that splits covered lines and the scanner's own line counting agree on any text.	Two functions in one module that must agree; pure.
268/bug-12	prop	cheap	arguable	no	scanner-lexing	The same law as bug-9, with an unclosed quote in JSX text.	The same family as security-7.
268/bug-13	prop	heavy	arguable	yes	scanner-vs-tool	The Biome identity changes whenever any line Biome's node covers is edited, including an operator continuation.	A differential against real Biome; a conservative window removes the class.
268/security-12	prop	heavy	arguable	yes	scanner-vs-tool	A next-line identity hashes the code the directive covers, not a comment line before it.	A differential against the real tool; a conservative window removes the class.
268/bug-14	prop	cheap	clear	no	validation	A switch-off record without the user's words is refused.	A validator over generated records; the ticket states the rule.
