item	key	is_anchor	in_sample	label	cost	confidence	by_construction	property_or_extract	reason
1	202/bug-5	False	True	prop	cheap	clear	yes	A touch of a path inside the lane's own folder is never reported as a note or a finding, whatever the other groups of the command line, its output or its exit status say.	commandTouches is already a function of (command, result, code, info); a generated command line with 2+ groups, inside/outside paths and a refusal result checked against the sentence would fail; a second post-hoc classifier that mutates every earlier touch is what a single classification in add() would have made impossible.
2	252/bug-17	True	False	prop	cheap	clear	no	A comment is reported as already in the ticket's log only if the log holds a post by the postmaster whose whole text, whitespace collapsed, equals that comment.	ticketHasComment(read, comment) is already a pure function of two strings; generated pairs of comments where one is a prefix of the other, posted one at a time, checked against an exact-match slow version (strip stamp and actor, compare equal) would fail.
3	252/bug-18	False	True	both	-	arguable	yes	PROP: on any run record the dry run can read, its exit status and its list of folders left in place equal the real run's, unless it says the real run may still stop. EXTRACT: planFolders(folders with their live launches and kind, the preview's planned stop, cwd) -> per-folder steps or left+why, consumed by both the dry and the real run.	The dry branch of closeFolder re-reads the launch registry while the preview step it precedes is only planned, so two code paths disagree; the dry/real agreement is checkable only by building real git folders and a live process (heavy), and a pure plan both modes consume makes it cheap and by construction.
4	252/bug-4	True	False	both	-	arguable	no	PROP: when an input the command must read cannot be read (as against absent), the command does not carry on as if it were empty: it exits non-zero naming the step. EXTRACT: candidateFolders(derivedPaths, alreadyRemoved, listing as {entries} or {error code}, ticket, worktreesDir) -> {folders, links} or a fault, with readdir at the edge.	folderSet catches a readdir error inside the decision and substitutes an empty list; the listing outcome passed as data reaches it without chmod, and an unreadable-input sweep over the run record would also find it (ticket criterion 12: nothing ends silently).
5	216/bug-17	False	True	prop	cheap	arguable	no	Every finding the flow has logged for a run can be shown on its ship card with a resolution, so a run whose findings have all been fixed still produces its card block.	A small model of a finding's life (logged by a gate run or a draft scan, told, fixed, listed on the card) over short event sequences reaches the stuck state; the gap is a missing resolution step in the design shared by producer and consumer, not a decision purity would expose (privateDataBlock is already a function of the rows); a reader could call it a missing requirement.
6	216/bug-7	False	True	prop	cheap	arguable	yes	Reading lines from the bytes of a file and from the bytes of a child process's output gives the same lines for the same bytes, for every encoding and newline form the ticket says a file may be read in.	childLines (git output, used by the range scan) is a second, UTF-8-only line reader beside streamLines (files, BOM and UTF-16 aware); a differential over byte shapes (UTF-8, BOM, UTF-16LE/BE, CRLF, chunk splits) in process finds it; a ticket-level range-vs-files form also works but needs git; one shared decoder would make it impossible.
7	268/bug-5	True	False	neither	-	clear	yes		The defect is a missing step in runbook prose (the held branch asks the user but never writes .waiting-on-user, which the ticket's C6 and notes require); there is nothing to run, and a script that owns the marker write on exit 2 would have made the omission impossible.
8	202/bug-36	False	True	neither	-	arguable	yes		The defect is a sequencing slip in a shell block inside runbook prose (restore runs after a check that exited 1, while the paragraph below says a fault stops the leg); no function holds it, so nothing to check by property or core; one script call that checks then restores (the one-call-per-step direction) would make it impossible; a harness that runs fenced blocks against stub exit codes is conceivable, hence arguable.
9	202/bug-1	False	True	prop	cheap	arguable	no	The touches reported for a command line joined from two parts, with their outputs joined, are the union of the touches reported for each part with its own output.	commandTouches decides refused-versus-written from one regex over the whole command output, so a denial from one part turns a landed write in another into a note (ticket D10: a write that landed must not be reported as a note); a generated pair-of-parts differential run in process (outputs that name their paths) finds it; arguable because the ticket does not say how a refusal is tied to its write and purity was not missing.
10	252/bug-22	True	False	prop	heavy	clear	yes	What the command saves from, and reports about, a folder does not depend on the git environment variables (GIT_DIR, GIT_WORK_TREE, GIT_INDEX_FILE and the rest git lists as repository-local) it inherits.	git -C does not override an inherited GIT_DIR, so the save scanned another checkout; the law that a result does not depend on the ambient environment, enumerated over git's own list of repository-local variables with a decoy repository, finds it (the oracle is the same run under a clean environment), but it needs real git; five sibling scripts each carry their own copy of the hardening, so one shared git runner would have made it impossible.
11	216/sec-2	False	True	both	-	arguable	yes	PROP: no message the tool prints contains the value a finding was found in, wherever that value sits (file content, a file name of any shape, a commit message, an identity). EXTRACT: refusalFor(items {commit,path,line}[], rows by commit with parents, pushed commit set) -> refusal text or null, every path through safePath.	The refusal for a path that starts with ( prints the raw path (a file name holding an address) while neighbouring messages use safePath, contrary to criterion 10 and C10; a canary-in-every-place leak check needs a git repository to reach it (heavy) but is cheap on a pure validation function, and a branded safe-path type would make a raw print unrepresentable.
12	268/security-7	False	True	prop	heavy	clear	no	The comments the scanner reports for a source text are exactly the comments TypeScript's own scanner reports for it, whatever mix of strings, templates, regex literals, JSX text and line terminators the source holds.	scanComments is a pure hand-written lexer with no notion of JSX text, so an apostrophe there opens a fake string to the end of the line; it is already a function of data (no pure core needed), a differential against the compiler's scanner (a dev dependency, so the oracle is a real tool) over a grammar of lexical contexts including JSX text finds it; the ticket rules out a parser at run time so no structure removes the risk.
13	268/security-10	False	True	prop	heavy	clear	no	The comments the scanner reports for a source text are exactly those TypeScript's own scanner reports, for every line-terminator character (LF, CR, CRLF, U+2028, U+2029) placed inside every lexical context (string, template, regex, comment, JSX text).	Same pure scanner and compiler oracle as the neighbouring finding; the set of line terminators is fixed by the language spec, so a generator can cross it with each lexical context without knowing this case; the oracle is the compiler (heavy), and the ticket forbids a parser at run time.
17	268/security-8	False	True	prop	heavy	clear	no	The comments the scanner reports for a source text are exactly those TypeScript's own parser reports, for a slash placed after every kind of preceding token (identifier, keyword, closing paren of a call or of a condition, bracket, brace, value).	Whether a slash divides or starts a regex needs parse context a token-history lexer lacks (the closing paren of if, while or for); the preceding-token kinds form a small closed set, the compiler's parse is the oracle (heavy), and scanComments is already a function of data.
14	252/bug-24	False	True	both	-	arguable	no	PROP: a tracked file whose content (in the index, the work tree or an unbranched commit) is in no branch of the project is flagged by exactly its own name, for every file name git can hold (spaces, quotes, backslashes, non-ASCII, control characters, a leading dash). EXTRACT: parseRawDiff(output, -z or not) -> {oldBlob,newBlob,status,path}[] with the path decoded as git documents, the deletion decision taken from the status letter, hashing left to the caller.	readRawWorktree parses git diff --raw (no -z) inside the loop that also runs hash-object, so a quoted non-ASCII path fails the hash and the failure is read as a deletion, silently skipping the flag; a weird-file-name sweep over real repos finds it (heavy), a pure parser given golden git lines makes it cheap.
15	202/bug-21	False	True	prop	heavy	arguable	no	For any command line built from the shell's redirection forms and targets, the paths the check reports as written are exactly the files a real shell creates or modifies when it runs that line in an empty folder.	The word-list parser reads the target after 2> as a path even when it is a descriptor (&1), so a duplication invents a write; the redirection forms are a small closed set, but the oracle must be the real shell run in a scratch folder (bash treats >&word as a file in one case, so a hand table would be knowing another program in advance), hence heavy; purity was not missing.
16	202/bug-49	False	True	prop	heavy	arguable	no	For any sed command line built from sed's own option grammar, the paths reported as written are exactly the files a real sed changes when it runs that line in a scratch folder.	The in-place test is a startsWith(-i) check (copied in two places), so the long and clustered spellings are read as reads; the option spellings form a closed set from sed's grammar and the real sed run in a scratch folder is the oracle (heavy; GNU and BSD sed differ); a hand table of spellings would be knowing another program in advance, hence arguable.
18	202/bug-4	False	True	prop	heavy	arguable	no	For any git command line over the subcommands and flag forms the check classifies, the refs and files it reports as written are exactly those a real git changes when it runs that line in a scratch repository.	The git branch handles heads only, drops path operands and skips the redirect handling other commands get; the effects are observable (refs before and after, files in a scratch folder) over a closed list of subcommand and flag forms with real git as the oracle (heavy); the redirect part alone is a cheap same-redirect-for-every-command law; arguable because the finding bundles several escapes.
19	216/bug-5	False	True	prop	cheap	arguable	no	The private-data block for a run is built from that run's own records only: every line it prints is derived from a record of that run, and a run with no records prints the no-findings block and nothing else.	privateDataBlock appends literal held-out scores and the run's own port decisions after the record-derived lines, so every later card carries and must match them; a generated-records check that every bullet traces to a record, plus the empty-run negative control, finds it in process; arguable because the ticket's C6 and C26 ask this run's card to show those facts and name no rule against a shared generator carrying them.
20	216/bug-3	False	True	prop	cheap	clear	no	A promote changes nothing on disk outside the destination it was given, whatever mix of directories and links lies along the destination's path.	The destination check is lexical while mkdir recursive and rename follow links, so an ancestor link to outside the repository escapes; the path shapes (plain, link to inside, link to outside, missing) are a closed set and the oracle is a before-and-after snapshot of the tree outside the destination, all in process with temp folders (repoRoot walks up to a .git entry without git); the defect is in the act, so no pure core.
21	268/bug-6	True	False	neither	-	clear	yes		The coachman paragraph restates the script's exit statuses wrongly (exit 2 is held and clears only on the user's approval, not by adding a reason, which is exit 3) and so gives a remedy that cannot clear it; it is runbook prose with nothing to run, and a call that prints its own next step would leave one source for what each exit means.
22	268/bug-10	False	True	prop	cheap	clear	yes	For any text, the line a comment is reported on indexes the same line of the code-only line list, where lines are counted as the JavaScript language defines line terminators (LF, CR, CRLF, U+2028, U+2029) and by nothing else.	The scanner counts tsc-style breaks while maskedLines splits with a Python-wide splitter (also VT, FF, FS, GS, RS, NEL), so the two numberings drift after one of those and a covered line is the wrong code; the two views agree or not on generated texts mixing every separator, with a one-line spec splitter as the slow oracle, in process; one line splitter shared by both would make it impossible.
23	268/security-12	False	True	prop	cheap	arguable	no	Editing the code a next-line switch-off covers (the first line after its comment ends, however many lines the comment spans) changes the switch-off's identity, and editing any other line does not.	For a multi-line block comment the covered line is taken one line after the comment's start, which is masked comment text, so the identity hashes nothing of the covered code (ticket D8: a change to the covered code needs a new word); the comment shapes are a closed set and the metamorphic edit check runs in process on strings; arguable because which line a linter really suppresses after a multi-line comment is the tool's rule and a real-linter oracle would be heavy.
24	268/bug-7	False	True	prop	heavy	clear	no	Every comment spelling under which the compiler suppresses a type error planted on the line below it is listed as a switch-off (prefix length, spacing and directive varied over the closed set the compiler accepts), and no spelling under which it does not suppress is.	parseSwitchOff reads the body after // so a triple-slash directive does not match the ts directive pattern although tsc honors it; the spellings form a small closed grammar and the oracle is the compiler run on a planted error (heavy); the check must never report clean while a live suppression exists, and parseSwitchOff is already a function of data.
25	202/bug-2	True	False	prop	cheap	clear	no	The touches reported for two commands joined by any shell list separator (semicolon, newline, &&, ||, a pipe, a single &) are the union of the touches reported for each command alone.	splitShell splits on ; | && but not on a newline, so a write on the next line is folded into the first command's arguments and read as a read; the separator set is closed and the oracle is the per-part analysis (a trivial slow version), run in process on strings; the ticket's own list of separators omitted the newline, so it is a law rather than a ticket sentence; commandTouches is already pure.
26	252/bug-2	False	True	both	-	arguable	no	PROP: a process or group is signalled only when the registry names this run's own synthesis folder for the pid and the live process has the recorded start time; nothing else is ever signalled, over every combination of record (absent, overwritten by another launch, stale) and process table (alive, reused, gone). EXTRACT: previewVerdict(pid file text, process table {pid -> start, group}, boot id, registry record or null, synthesis folder) -> none | already | noted | stop{pid, members}.	The start-time check cannot tell the run's preview from another launch that reused the pid and overwrote the pid-keyed record, so stopPreview signals a stranger's group (ticket: a reused pid is never signalled, nothing but the preview is stopped); the cases are a small closed set of states, but reaching them for real needs live processes and a registry on disk (heavy), and the same decision over a data table is cheap.
