key	run	round	sev	location	snapshot	source	log_detail	description
202/bug-1	202	1	P1	scripts/reach.ts:693	3abedd7	finding line	gating P1 r1 bug-luna style-mimo refusal-demotion-hides-write verified by execution	refusal attribution hides a successful write beside a denial
202/bug-2	202	1	P1	scripts/reach.ts:374	3abedd7	finding line	gating P1 r1 bug-mimo newline-not-split verified by execution	a write after a newline reads as a read
202/sec-1	202	1	P1	scripts/reach.ts:1639	3abedd7	finding line	gating P1 r1 security-opus restore-resets-unmoved verified by execution	restore resets unmoved branches and wipes uncommitted work
202/bug-3	202	1	P2	scripts/reach.ts:727	3abedd7	finding line	gating P2 r1 bug-mimo bare-cd-ignored verified by execution	bare cd and cd under an environment variable ignored
202/bug-4	202	1	P2	scripts/reach.ts:733	3abedd7	finding line	gating P2 r1 bug-mimo style-mimo git-block-misses-escapes verified by execution	the git block misses escapes (branch and tag names, dropped operands, redirects off git)
202/bug-5	202	1	P2	scripts/reach.ts:886	3abedd7	finding line	gating P2 r1 bug-mimo expected-rewritten-to-note verified by execution	the shell-group rewrite flips inside reads to notes
202/bug-6	202	1	P2	scripts/reach.ts:309	3abedd7	finding line	gating P2 r1 bug-luna outside-reads-not-exempt verified by execution	reads outside the home directory and the project not exempt, and tool-checkout and brief reads unreachable
202/bug-11	202	1	P2	scripts/landing.ts:420	3abedd7	finding line	gating P2 r1 bug-luna card-markdown-escape verified by execution	hostile filenames break the card block
202/sec-2	202	1	P2	scripts/reach.ts:752	3abedd7	finding line	gating P2 r1 security-opus git-config-value-not-skipped verified by execution	git configuration values never skipped
202/sec-3	202	1	P2	scripts/reach.ts:803	3abedd7	finding line	gating P2 r1 security-opus refs-in-reads-count-as-writes verified by execution	refs named by git reads counted as writes
202/sec-4	202	1	P2	scripts/reach.ts:1629	3abedd7	finding line	gating P2 r1 security-opus reset-climbs-without-git verified by execution	reset climbs when the synthesis metadata is missing
202/style-1	202	1	P2	scripts/reach.ts:488	3abedd7	finding line	gating P2 r1 style-luna quoted-text-as-redirect verified by execution	quoted shell text misread as a redirect (a gating defect reported under the style lens)
202/bug-14	202	2	P2	scripts/reach.ts:1819	b8056c9	finding line	gating P2 r2 bug-luna git-env-inheritance verified by execution	git subprocesses honor inherited directory overrides
202/bug-15	202	2	P2	scripts/reach.ts:458	b8056c9	finding line	gating P2 r2 bug-luna quoted-substitution-skipped verified by execution	substitutions inside double quotes skipped
202/bug-16	202	2	P2	scripts/reach.ts:1484	b8056c9	finding line	gating P2 r2 bug-mimo rider-claims-unrelated verified by execution	a rider claims file changes its move did not produce
202/bug-17	202	2	P2	scripts/landing.ts:431	b8056c9	finding line	gating P2 r2 bug-mimo reason-not-escaped verified by execution	the card reason is not escaped
202/bug-21	202	3	P2	scripts/reach.ts:595	4fcdacf	finding line	gating P2 r3 bug-mimo fd-dup-invents-write verified by execution	descriptor-duplication redirects invent a path write
202/bug-22	202	3	P2	scripts/reach.ts:1845	4fcdacf	finding line	gating P2 r3 bug-luna restore-detached-faults verified by execution	restore faults instead of reattaching a detached synthesis worktree
202/bug-23	202	3	P2	scripts/reach.ts:804	4fcdacf	finding line	gating P2 r3 bug-luna task-log-loss-checked verified by execution	an unreadable task transcript still counts as checked
202/bug-26	202	4	P1	scripts/reach.ts:430	41f2b00	finding line	gating P1 r4 bug-mimo redirect-substitution-demoted-to-read verified by execution	a write redirect onto a substitution target reads as a read
202/bug-27	202	4	P1	scripts/reach.ts:378	41f2b00	finding line	gating P1 r4 bug-mimo glob-unresolved-var-reads-clean verified by execution	a write or delete under a glob or an unset variable reads clean
202/bug-30	202	5	P2	scripts/reach.ts:1173	665a99f	finding line	gating P2 r5 bug-mimo file-tool-unresolved-dropped verified by execution	file tools drop a path holding a variable or a glob
202/bug-33	202	5	P2	scripts/reach.ts:415	665a99f	finding line	gating P2 r5 bug-luna bare-write-operand-dropped verified by execution	a bare write operand is dropped
202/bug-35	202	5	P2	scripts/landing.ts:418	665a99f	finding line	gating P2 r5 bug-luna card-prints-raw-notchecked verified by execution	the card prints a not-checked reason as the lane wrote it
202/bug-36	202	5	P2	skills/postmaster/coachman.md:943	665a99f	finding line	gating P2 r5 bug-mimo restore-ungated-on-fault verified by reading	the round reach step restores after a faulted check
202/bug-39	202	6	P2	scripts/reach.ts:392	9c76b50	finding line	gating P2 r6 bug-mimo nonpath-args-notchecked verified by execution	ordinary commands with patterns read not checked
202/bug-46	202	7	P1	scripts/reach.ts:515	47e43ca	finding line	gating P1 r7 bug-mimo subst-split-hides-write verified by execution	a substitution split hides writes
202/bug-47	202	7	P2	scripts/reach.ts:1083	47e43ca	finding line	gating P2 r7 bug-mimo cp-roles-subst verified by execution	cp roles confused under substitution
202/bug-49	202	7	P2	scripts/reach.ts:1075	47e43ca	finding line	gating P2 r7 bug-mimo sed-long-inplace verified by execution	the sed long in-place form missed
202/bug-50	202	7	P2	scripts/reach.ts:225	47e43ca	finding line	gating P2 r7 bug-luna spaced-repo-fault verified by execution	a repository path with a space faults every check
202/bug-51	202	7	P2	scripts/reach.ts:2018	47e43ca	finding line	gating P2 r7 bug-luna restore-deleted-ref verified by execution	restore faults on a deleted run branch
202/bug-53	202	8	P2	scripts/reach.ts	092e163	escalation and checkpoint		the card prints unresolved non-absolute paths verbatim (found under the security lens, below that lane's own reporting threshold, verified by the coachman)
202/bug-57	202	9	P2	scripts/reach.ts	dec1100	escalation and checkpoint		the synthesis guard passes a symlinked worktree and restore then resets the main checkout
202/bug-58	202	9	P2	scripts/reach.ts	dec1100	escalation and checkpoint		only the first tied reviewer is voided
216/bug-1	216	1	P1	scripts/scrub-core.ts:826	dab3bea	finding line	gating P1 r1 bug luna, verified by execution: PATTERN_CODE skips whole line, const-EMAIL-plus-address passes gate	gating P1 r1 bug luna
216/bug-2	216	1	P2	scripts/landing.ts:497	dab3bea	finding line	gating P2 r1 bug luna, verified by execution+reading: card scan inherits SCRUB_CHECK_DISABLE via run env merge; same hole in scrub-rewrite.ts parseFindings	gating P2 r1 bug luna
216/bug-3	216	1	P2	scripts/raw-promote-main.ts:345	dab3bea	finding line	gating P2 r1 bug luna, verified by execution: symlinked dest ancestor escapes repo on mkdir+rename	gating P2 r1 bug luna
216/bug-4	216	1	P2	scripts/bundle-scrub.ts:92	dab3bea	finding line	gating P2 r1 bug luna, verified by execution: --check passes edited bundle body on matching header hash	gating P2 r1 bug luna
216/bug-5	216	1	P2	scripts/landing.ts:484	dab3bea	finding line	gating P2 r1 bug mimo, verified by execution+reading: privateDataBlock freezes heldout scores + D1/D8/D9/D19 into every future card, check requires verbatim match	gating P2 r1 bug mimo
216/bug-7	216	2	P2	scripts/scrub-core.ts:1514	16b8ea6	finding line	gating P2 r2 bug luna, verified by execution: range scan misses UTF-16 content that --files finds	gating P2 r2 bug luna
216/bug-9	216	3	P2	scripts/landing.ts:475	26ba0d0	finding line	gating P2 r3 bug luna, verified by reading: block generator dies over 50 census suspects, accepted 236-line census unrepresentable, card step blocked	gating P2 r3 bug luna
216/bug-10	216	3	P2	scripts/raw-promote-main.ts:53	26ba0d0	finding line	gating P2 r3 bug luna+mimo, verified by execution: ambient DISABLE turns promote scrub into straight copy; same hole in tree-check entry, gate chain, runbook scan commands	gating P2 r3 bug luna+mimo
216/bug-11	216	3	P2	scripts/tree-check.ts:28	26ba0d0	finding line	gating P2 r3 bug luna, verified by execution: hasReasoning depth-64 fail-open, 66-deep encrypted_content passes tree gate	gating P2 r3 bug luna
216/bug-12	216	3	P2	scripts/raw-promote-main.ts:276	26ba0d0	finding line	gating P2 r3 bug luna, verified by execution: marker strip eats closing JSON syntax, malformed record promoted exit 0	gating P2 r3 bug luna
216/bug-14	216	4	P2	scripts/scrub-core.ts:700	cbd0384	finding line	gating P2 r4 bug mimo, verified by execution: MAIL.test on /g/ regex without reset, successive bare key fields miss key intermittently	gating P2 r4 bug mimo
216/bug-15	216	4	P2	scripts/raw-promote-main.ts:169	cbd0384	finding line	gating P2 r4 bug luna, verified by execution: placeholder keeps encrypted_content field, tree-check flags presence, success promotion fails gate	gating P2 r4 bug luna
216/bug-16	216	4	P2	scripts/tree-check.ts:89	cbd0384	finding line	gating P2 r4 bug luna, verified by execution+reading: reasoning findings never call logFinding in tree-check or promote, TELL and card blind to the class	gating P2 r4 bug luna
216/bug-17	216	4	P2	scripts/scrub-check-main.ts:654	cbd0384	finding line	gating P2 r4 bug mimo, verified by execution: pr-description/card scans log draft rows, TELL fires, block dies without resolution, landing stuck	gating P2 r4 bug mimo
216/sec-2	216	4	P2	scripts/scrub-rewrite.ts:319	cbd0384	finding line	gating P2 r4 security opus, verified by execution: raw path in manual-reword refusal prints finding value, violates rule 10 and C10	gating P2 r4 security opus
216/sec-3	216	4	P2	scripts/scrub-rewrite.ts:201	cbd0384	finding line	gating P2 r4 security opus, verified by execution: show %B appends newline, every recreated commit gets a new id, pushed untouched commits rewritten, C18 broken	gating P2 r4 security opus
216/sec-4	216	4	P2	scripts/bundle-scrub.ts:52	cbd0384	finding line	gating P2 r4 security opus, verified by execution: header line 2 and unanchored pattern outside body digest, injected code passes --check and runs	gating P2 r4 security opus
252/bug-1	252	1	P1	scripts/aftercare.ts:413	a793251	finding line	gating P1 r1 bug luna, bug mimo, style mimo, verified by execution: tar and git byte outputs decoded as UTF-8 corrupt saves of non-UTF8 files, then the folder is removed	gating P1 r1 bug luna, bug mimo, style mimo
252/bug-2	252	1	P1	scripts/aftercare.ts:821	a793251	finding line	gating P1 r1 bug luna, verified by reading: a reused pid with an overwritten registry record passes the start check, signalling another launch's group	gating P1 r1 bug luna
252/bug-3	252	1	P2	scripts/aftercare.ts:1150	a793251	finding line	gating P2 r1 bug luna, bug mimo, verified by reading: preview left with synthesis already gone still closes the run and exits 0	gating P2 r1 bug luna, bug mimo
252/bug-4	252	1	P2	scripts/aftercare.ts:335	a793251	finding line	gating P2 r1 bug luna, verified by reading: .worktrees read errors treated as empty, silently omitting unscanned folders	gating P2 r1 bug luna
252/bug-5	252	1	P2	scripts/aftercare.ts:888	a793251	finding line	gating P2 r1 bug luna, bug mimo, verified by reading: substring run-log check skips the closing line and faults a wordless rerun of a closed run	gating P2 r1 bug luna, bug mimo
252/bug-14	252	2	P2	scripts/aftercare.ts:459	e6ba844	finding line	gating P2 r2 bug luna, verified by execution: dirty submodule contents invisible to the save and deleted with the worktree	gating P2 r2 bug luna
252/bug-15	252	2	P2	scripts/aftercare.ts:503	e6ba844	finding line	gating P2 r2 bug luna, verified by execution: format-patch omits unbranched merges, losing their resolutions on removal	gating P2 r2 bug luna
252/bug-16	252	2	P2	scripts/aftercare.ts:1336	e6ba844	finding line	gating P2 r2 bug luna, verified by execution: dry run promises removal of a locked worktree the real run must leave	gating P2 r2 bug luna
252/bug-17	252	2	P2	scripts/aftercare.ts:1035	e6ba844	finding line	gating P2 r2 bug luna, verified by reading: reconcile substring matches a longer comment and skips the post	gating P2 r2 bug luna
252/bug-18	252	2	P2	scripts/aftercare.ts:780	e6ba844	finding line	gating P2 r2 bug mimo, verified by execution: dry run exits 3 on a live preview the real run stops and closes	gating P2 r2 bug mimo
252/bug-22	252	3	P1	scripts/aftercare.ts:419	d2a5e88	finding line	gating P1 r3 bug luna, verified by execution: inherited GIT_DIR/GIT_WORK_TREE override git -C, scanning the wrong checkout before removal	gating P1 r3 bug luna
252/bug-23	252	3	P2	scripts/aftercare.ts:1739	d2a5e88	finding line	gating P2 r3 bug luna, verified by reading: dry run promises a pin release that a lock refuses in the real run	gating P2 r3 bug luna
252/bug-24	252	3	P2	scripts/aftercare.ts:673	d2a5e88	finding line	gating P2 r3 bug luna, verified by execution: core.quotePath quoted paths fail hash-object, silently missing flags	gating P2 r3 bug luna
252/bug-25	252	3	P2	scripts/aftercare.ts:1076	d2a5e88	finding line	gating P2 r3 bug mimo, verified by reading: plane.sh takes no repo arg, so every Plane run stops at ticket-state	gating P2 r3 bug mimo
268/bug-1	268	1	P2	scripts/lib/switch-offs.ts:435	8fe7775	finding line	gating P2 r1 bug luna, biome-ignore covers the next node but the identity hashes one line, verified by execution	gating P2 r1 bug luna, biome-ignore covers the next node but the identity hashes one line, verified by execution
268/bug-2	268	1	P2	scripts/lib/switch-offs.ts:416	8fe7775	finding line	gating P2 r1 bug luna, block closes pop whole stack but Oxlint matches by rule set and ignores bare enable, verified by execution	gating P2 r1 bug luna, block closes pop whole stack but Oxlint matches by rule set and ignores bare enable, verified by execution
268/bug-5	268	1	P2	skills/postmaster/postmaster.md:568	8fe7775	finding line	gating P2 r1 bug mimo, switch-off ask never writes .waiting-on-user, verified by reading	gating P2 r1 bug mimo, switch-off ask never writes .waiting-on-user, verified by reading
268/bug-6	268	1	P2	skills/postmaster/coachman.md:1011	8fe7775	finding line	gating P2 r1 bug mimo style luna mimo, exit-2 paragraph misdescribes held and its remedy cannot clear it, verified by execution	gating P2 r1 bug mimo style luna mimo, exit-2 paragraph misdescribes held and its remedy cannot clear it, verified by execution
268/bug-7	268	2	P2	scripts/lib/switch-offs.ts:308	7e07807	finding line	gating P2 r2 bug luna security opus, triple-slash TS suppressions honored but not parsed, verified by execution	gating P2 r2 bug luna security opus, triple-slash TS suppressions honored but not parsed, verified by execution
268/security-4	268	2	P2	scripts/lib/switch-offs.ts:309	7e07807	finding line	gating P2 r2 security opus, TS block directives read first line but tsc reads last, verified by execution	gating P2 r2 security opus, TS block directives read first line but tsc reads last, verified by execution
268/security-5	268	2	P2	scripts/lib/switch-offs.ts:555	7e07807	finding line	gating P2 r2 security opus, TS next-line identity misses tsc blank and comment skipping, verified by execution	gating P2 r2 security opus, TS next-line identity misses tsc blank and comment skipping, verified by execution
268/bug-8	268	2	P2	scripts/lib/switch-offs.ts:334	7e07807	finding line	gating P2 r2 coachman, linter block rules read first line only but Oxlint reads across lines, verified by execution	gating P2 r2 coachman, linter block rules read first line only but Oxlint reads across lines, verified by execution
268/security-6	268	2	P2	scripts/lib/switch-offs.ts:366	7e07807	finding line	gating P2 r2 security opus, Biome block directives read first line only but Biome reads any line, verified by execution	gating P2 r2 security opus, Biome block directives read first line only but Biome reads any line, verified by execution
268/bug-9	268	2	P2	scripts/lib/switch-offs.ts:398	7e07807	finding line	gating P2 r2 bug luna, JSX-text double-slash swallows a trailing directive, verified by execution	gating P2 r2 bug luna, JSX-text double-slash swallows a trailing directive, verified by execution
268/security-7	268	2	P2	scripts/lib/switch-offs.ts:194	7e07807	finding line	gating P2 r2 security opus, apostrophe in JSX text opens a fake string hiding directives, verified by execution	gating P2 r2 security opus, apostrophe in JSX text opens a fake string hiding directives, verified by execution
268/security-8	268	2	P2	scripts/lib/switch-offs.ts:248	7e07807	finding line	gating P2 r2 security opus, slash after a condition paren divide-read hides regex directives, verified by execution	gating P2 r2 security opus, slash after a condition paren divide-read hides regex directives, verified by execution
268/security-9	268	2	P2	scripts/lib/switch-offs.ts:249	7e07807	finding line	gating P2 r2 security opus, slash after plus-plus regex-read hides trailing directives, verified by execution	gating P2 r2 security opus, slash after plus-plus regex-read hides trailing directives, verified by execution
268/security-10	268	2	P2	scripts/lib/switch-offs.ts:199	7e07807	finding line	gating P2 r2 security opus, strings and regexes end at U+2028 which ES2019 allows inside, verified by execution	gating P2 r2 security opus, strings and regexes end at U+2028 which ES2019 allows inside, verified by execution
268/bug-10	268	2	P2	scripts/lib/switch-offs.ts:408	7e07807	finding line	gating P2 r2 bug mimo, covered lines split Python-wide while the scanner counts tsc-narrow, verified by execution	gating P2 r2 bug mimo, covered lines split Python-wide while the scanner counts tsc-narrow, verified by execution
268/bug-12	268	3	P1	scripts/lib/switch-offs.ts:135	b0f7d8a	finding line	gating P1 r3 bug mimo, unclosed quote in JSX text swallows a trailing directive the tool honors, verified by execution	gating P1 r3 bug mimo, unclosed quote in JSX text swallows a trailing directive the tool honors, verified by execution
268/bug-13	268	3	P2	scripts/lib/switch-offs.ts:687	b0f7d8a	finding line	gating P2 r3 bug luna, Biome identity stops before an implicit continuation, verified by execution	gating P2 r3 bug luna, Biome identity stops before an implicit continuation, verified by execution
268/security-12	268	3	P2	scripts/lib/switch-offs.ts:771	b0f7d8a	finding line	gating P2 r3 security opus, block-comment next-line identity hashes a comment line not the covered code, verified by execution	gating P2 r3 security opus, block-comment next-line identity hashes a comment line not the covered code, verified by execution
268/bug-14	268	3	P2	scripts/log-action.ts:281	b0f7d8a	finding line	gating P2 r3 bug luna, switch-off record accepted with no user words, verified by execution	gating P2 r3 bug luna, switch-off record accepted with no user words, verified by execution
